Destiny Revealed;Alice Wilson;2006;A battle against fate across uncharted lands and hidden secrets.
Flames Unbound;Alice Johnson;1934;A battle against fate across uncharted lands and hidden secrets.
Horizons Unbound;Olivia Smith;1945;A saga of heroes across uncharted lands and hidden secrets.
Flames of Tomorrow;Emma Reed;1976;An epic quest across uncharted lands and hidden secrets.
Echoes of the Lost;Olivia Taylor;1971;A saga of heroes across uncharted lands and hidden secrets.
Whispers Beyond Time;Clara Wilson;2019;A detective uncovers across uncharted lands and hidden secrets.
Horizons Revealed;Michael Taylor;2019;A detective uncovers across uncharted lands and hidden secrets.
Horizons Unbound;Michael Taylor;1965;An adventure unfolds across uncharted lands and hidden secrets.
Destiny of Tomorrow;John Anderson;1967;An epic quest across uncharted lands and hidden secrets.
Journey in the Night;Emma Brown;2010;A story of mystery across uncharted lands and hidden secrets.
Flames Revealed;Michael Thompson;1985;A battle against fate across uncharted lands and hidden secrets.
Flames of the Past;James Johnson;1977;A story of mystery across uncharted lands and hidden secrets.
Legacy Beyond Time;John Montgomery;1982;A saga of heroes across uncharted lands and hidden secrets.
Secrets Awakening;James Reed;1925;A thrilling journey across uncharted lands and hidden secrets.
Horizons Awakening;Olivia Thompson;1920;A tale of love across uncharted lands and hidden secrets.
Echoes in the Night;Olivia Brown;1971;A battle against fate across uncharted lands and hidden secrets.
Journey Revealed;Ethan Thompson;1985;A battle against fate across uncharted lands and hidden secrets.
Destiny Unbound;Ethan Reed;2013;A story of mystery across uncharted lands and hidden secrets.
Flames in the Night;Sophia Brown;1933;A saga of heroes across uncharted lands and hidden secrets.
Shadows Awakening;James Smith;1912;A thrilling journey across uncharted lands and hidden secrets.
Horizons in the Night;James Anderson;1952;An epic quest across uncharted lands and hidden secrets.
Legacy Beyond Time;Ethan Thompson;1925;An epic quest across uncharted lands and hidden secrets.
Whispers of the Lost;Alice Wilson;1991;An adventure unfolds across uncharted lands and hidden secrets.
Echoes of the Past;Emma Johnson;1996;A thrilling journey across uncharted lands and hidden secrets.
Secrets Revealed;James Wilson;2024;A detective uncovers across uncharted lands and hidden secrets.
Legacy of the Past;Olivia Reed;1998;A saga of heroes across uncharted lands and hidden secrets.
Horizons of the Past;Clara Montgomery;1968;A battle against fate across uncharted lands and hidden secrets.
Horizons Revealed;Michael Taylor;1953;A tale of love across uncharted lands and hidden secrets.
Legacy of the Lost;Michael Davis;1908;An epic quest across uncharted lands and hidden secrets.
Horizons in the Night;John Reed;1976;A detective uncovers across uncharted lands and hidden secrets.
Whispers Revealed;Michael Thompson;1958;A story of mystery across uncharted lands and hidden secrets.
Secrets Awakening;Sophia Brown;2002;An epic quest across uncharted lands and hidden secrets.
Secrets Unbound;Daniel Smith;2015;A thrilling journey across uncharted lands and hidden secrets.
Horizons Awakening;Emma Brown;1915;An epic quest across uncharted lands and hidden secrets.
Echoes Unbound;Clara Johnson;1935;A thrilling journey across uncharted lands and hidden secrets.
Echoes in the Night;Clara Brown;1970;A story of mystery across uncharted lands and hidden secrets.
Winds of the Lost;Alice Wilson;2022;A saga of heroes across uncharted lands and hidden secrets.
Horizons Unbound;John Johnson;1943;A battle against fate across uncharted lands and hidden secrets.
Horizons Awakening;James Taylor;1925;An epic quest across uncharted lands and hidden secrets.
Destiny Revealed;Sophia Wilson;1904;An adventure unfolds across uncharted lands and hidden secrets.
Shadows Revealed;Ethan Brown;1930;A tale of love across uncharted lands and hidden secrets.
Journey Revealed;Clara Johnson;1952;A saga of heroes across uncharted lands and hidden secrets.
Shadows of the Past;Sophia Brown;1983;A saga of heroes across uncharted lands and hidden secrets.
Echoes Beyond Time;James Brown;2005;A thrilling journey across uncharted lands and hidden secrets.
Flames Awakening;John Thompson;1935;An adventure unfolds across uncharted lands and hidden secrets.
Whispers Awakening;Alice Montgomery;1960;A detective uncovers across uncharted lands and hidden secrets.
Flames of the Lost;James Smith;2024;A story of mystery across uncharted lands and hidden secrets.
Secrets Awakening;Ethan Reed;1959;A tale of love across uncharted lands and hidden secrets.
Flames of the Past;Clara Johnson;1957;A saga of heroes across uncharted lands and hidden secrets.
Horizons of Tomorrow;Sophia Taylor;1945;A detective uncovers across uncharted lands and hidden secrets.
Journey Awakening;Michael Montgomery;1945;A story of mystery across uncharted lands and hidden secrets.
Journey Awakening;Clara Smith;1911;A saga of heroes across uncharted lands and hidden secrets.
Legacy of the Past;Sophia Thompson;2022;A story of mystery across uncharted lands and hidden secrets.
Echoes Revealed;James Brown;1976;A thrilling journey across uncharted lands and hidden secrets.
Winds Revealed;Daniel Davis;1975;An adventure unfolds across uncharted lands and hidden secrets.
Winds Unbound;Sophia Thompson;1961;A detective uncovers across uncharted lands and hidden secrets.
Journey Awakening;Daniel Thompson;1908;A battle against fate across uncharted lands and hidden secrets.
Flames Beyond Time;Sophia Brown;2001;A story of mystery across uncharted lands and hidden secrets.
Horizons Revealed;James Montgomery;1997;A thrilling journey across uncharted lands and hidden secrets.
Destiny Beyond Time;John Montgomery;1903;A battle against fate across uncharted lands and hidden secrets.
Winds Unbound;John Thompson;1992;A tale of love across uncharted lands and hidden secrets.
Destiny of the Lost;Clara Reed;1973;An adventure unfolds across uncharted lands and hidden secrets.
Echoes of Tomorrow;Ethan Wilson;1932;An adventure unfolds across uncharted lands and hidden secrets.
Legacy of the Lost;John Brown;1987;A tale of love across uncharted lands and hidden secrets.
Destiny of the Lost;Olivia Davis;1989;A tale of love across uncharted lands and hidden secrets.
Echoes Revealed;Daniel Thompson;1964;A detective uncovers across uncharted lands and hidden secrets.
Horizons Unbound;Emma Taylor;1983;An epic quest across uncharted lands and hidden secrets.
Horizons Beyond Time;James Montgomery;2013;A story of mystery across uncharted lands and hidden secrets.
Secrets of the Lost;James Anderson;1971;A battle against fate across uncharted lands and hidden secrets.
Whispers of Tomorrow;Clara Anderson;1982;A thrilling journey across uncharted lands and hidden secrets.
Secrets Revealed;Alice Smith;1941;An adventure unfolds across uncharted lands and hidden secrets.
Destiny Awakening;Clara Anderson;1993;A thrilling journey across uncharted lands and hidden secrets.
Destiny Revealed;Sophia Anderson;1902;A story of mystery across uncharted lands and hidden secrets.
Destiny Unbound;Michael Smith;1986;A saga of heroes across uncharted lands and hidden secrets.
Secrets of Tomorrow;James Reed;1959;A story of mystery across uncharted lands and hidden secrets.
Destiny in the Night;Olivia Brown;1924;A battle against fate across uncharted lands and hidden secrets.
Journey Awakening;John Brown;1943;A saga of heroes across uncharted lands and hidden secrets.
Winds Unbound;Olivia Montgomery;1941;A detective uncovers across uncharted lands and hidden secrets.
Legacy in the Night;Ethan Anderson;1919;A detective uncovers across uncharted lands and hidden secrets.
Flames of the Past;Olivia Wilson;2021;A detective uncovers across uncharted lands and hidden secrets.
Shadows of Tomorrow;Sophia Reed;1960;An adventure unfolds across uncharted lands and hidden secrets.
Shadows in the Night;James Thompson;1918;A detective uncovers across uncharted lands and hidden secrets.
Whispers Revealed;Emma Anderson;1969;A tale of love across uncharted lands and hidden secrets.
Secrets Revealed;Emma Smith;1949;An epic quest across uncharted lands and hidden secrets.
Winds of the Past;Olivia Taylor;2001;An epic quest across uncharted lands and hidden secrets.
Journey of the Past;Daniel Thompson;1949;A thrilling journey across uncharted lands and hidden secrets.
Legacy Unbound;John Thompson;1904;A saga of heroes across uncharted lands and hidden secrets.
Destiny Beyond Time;Clara Wilson;2006;An epic quest across uncharted lands and hidden secrets.
Horizons of Tomorrow;John Johnson;1994;A story of mystery across uncharted lands and hidden secrets.
Destiny Awakening;Alice Davis;1944;An epic quest across uncharted lands and hidden secrets.
Secrets Revealed;Olivia Brown;1903;A battle against fate across uncharted lands and hidden secrets.
Echoes of the Lost;Olivia Davis;1919;A thrilling journey across uncharted lands and hidden secrets.
Legacy of the Lost;Daniel Anderson;1975;An adventure unfolds across uncharted lands and hidden secrets.
Legacy of the Past;Alice Reed;1909;A thrilling journey across uncharted lands and hidden secrets.
Whispers in the Night;John Taylor;1944;A detective uncovers across uncharted lands and hidden secrets.
Journey Beyond Time;James Thompson;1929;An adventure unfolds across uncharted lands and hidden secrets.
Destiny in the Night;John Anderson;2004;A detective uncovers across uncharted lands and hidden secrets.
Flames Awakening;Emma Taylor;2016;A detective uncovers across uncharted lands and hidden secrets.
Legacy of Tomorrow;Michael Anderson;1917;A thrilling journey across uncharted lands and hidden secrets.
Journey Unbound;Daniel Brown;1987;An adventure unfolds across uncharted lands and hidden secrets.
Whispers in the Night;Emma Thompson;1940;A thrilling journey across uncharted lands and hidden secrets.
Shadows Awakening;Alice Brown;1980;An adventure unfolds across uncharted lands and hidden secrets.
Horizons of Tomorrow;Alice Davis;1966;An epic quest across uncharted lands and hidden secrets.
Echoes Beyond Time;John Johnson;1976;A thrilling journey across uncharted lands and hidden secrets.
Flames in the Night;Sophia Taylor;1980;A battle against fate across uncharted lands and hidden secrets.
Whispers of Tomorrow;Michael Johnson;2014;A battle against fate across uncharted lands and hidden secrets.
Secrets Unbound;Olivia Brown;1968;An epic quest across uncharted lands and hidden secrets.
Secrets of the Past;Olivia Brown;1985;An adventure unfolds across uncharted lands and hidden secrets.
Secrets of the Past;Daniel Taylor;1959;A saga of heroes across uncharted lands and hidden secrets.
Flames of the Lost;Clara Reed;2024;A detective uncovers across uncharted lands and hidden secrets.
Journey Revealed;James Thompson;1975;An adventure unfolds across uncharted lands and hidden secrets.
Flames Unbound;Clara Taylor;2011;An epic quest across uncharted lands and hidden secrets.
Destiny Revealed;Sophia Anderson;1909;A battle against fate across uncharted lands and hidden secrets.
Journey Unbound;John Reed;1919;A story of mystery across uncharted lands and hidden secrets.
Whispers of Tomorrow;John Thompson;1984;A thrilling journey across uncharted lands and hidden secrets.
Journey of Tomorrow;James Wilson;1992;An adventure unfolds across uncharted lands and hidden secrets.
Whispers of the Lost;John Anderson;1946;A tale of love across uncharted lands and hidden secrets.
Horizons Beyond Time;Olivia Brown;1983;A detective uncovers across uncharted lands and hidden secrets.
Whispers of the Past;Sophia Montgomery;1943;A thrilling journey across uncharted lands and hidden secrets.
Destiny Awakening;Clara Johnson;1951;An epic quest across uncharted lands and hidden secrets.
Flames Revealed;Olivia Johnson;1983;A story of mystery across uncharted lands and hidden secrets.
Shadows of the Lost;John Smith;1978;A thrilling journey across uncharted lands and hidden secrets.
Journey Unbound;Sophia Davis;1960;An adventure unfolds across uncharted lands and hidden secrets.
Destiny in the Night;Michael Davis;1989;A battle against fate across uncharted lands and hidden secrets.
Secrets Unbound;Clara Taylor;1995;A tale of love across uncharted lands and hidden secrets.
Shadows Awakening;Ethan Johnson;1963;A battle against fate across uncharted lands and hidden secrets.
Winds in the Night;Sophia Taylor;2005;An adventure unfolds across uncharted lands and hidden secrets.
Secrets Unbound;Alice Thompson;1954;A story of mystery across uncharted lands and hidden secrets.
Whispers Unbound;Clara Wilson;2019;An epic quest across uncharted lands and hidden secrets.
Flames in the Night;Olivia Anderson;1990;A tale of love across uncharted lands and hidden secrets.
Echoes of the Past;John Johnson;1965;A story of mystery across uncharted lands and hidden secrets.
Winds of the Lost;Ethan Anderson;1933;A saga of heroes across uncharted lands and hidden secrets.
Flames Revealed;Alice Wilson;1917;An adventure unfolds across uncharted lands and hidden secrets.
Winds of Tomorrow;Olivia Montgomery;1987;A tale of love across uncharted lands and hidden secrets.
Secrets Beyond Time;Sophia Brown;1985;A battle against fate across uncharted lands and hidden secrets.
Shadows Unbound;Ethan Anderson;1929;An epic quest across uncharted lands and hidden secrets.
Shadows Unbound;Michael Davis;2007;An adventure unfolds across uncharted lands and hidden secrets.
Flames in the Night;John Thompson;1919;A tale of love across uncharted lands and hidden secrets.
Whispers Beyond Time;Daniel Davis;1902;A detective uncovers across uncharted lands and hidden secrets.
Legacy Beyond Time;Sophia Taylor;1902;A tale of love across uncharted lands and hidden secrets.
Journey Revealed;Clara Reed;1958;A story of mystery across uncharted lands and hidden secrets.
Flames of the Past;Michael Wilson;1928;A tale of love across uncharted lands and hidden secrets.
Whispers Awakening;Michael Anderson;1908;A saga of heroes across uncharted lands and hidden secrets.
Whispers Unbound;Olivia Davis;1943;A saga of heroes across uncharted lands and hidden secrets.
Flames in the Night;Daniel Brown;2021;A detective uncovers across uncharted lands and hidden secrets.
Shadows of the Lost;Alice Johnson;1976;A detective uncovers across uncharted lands and hidden secrets.
Shadows of the Lost;Clara Davis;1973;A tale of love across uncharted lands and hidden secrets.
Shadows of Tomorrow;Olivia Johnson;1927;A battle against fate across uncharted lands and hidden secrets.
Horizons Beyond Time;Emma Anderson;1937;An epic quest across uncharted lands and hidden secrets.
Shadows Awakening;Ethan Montgomery;1941;A thrilling journey across uncharted lands and hidden secrets.
Journey Unbound;Olivia Brown;2009;A saga of heroes across uncharted lands and hidden secrets.
Horizons Unbound;Ethan Taylor;1999;A story of mystery across uncharted lands and hidden secrets.
Shadows of Tomorrow;Ethan Davis;1909;A thrilling journey across uncharted lands and hidden secrets.
Whispers in the Night;Daniel Thompson;1945;A tale of love across uncharted lands and hidden secrets.
Whispers of Tomorrow;Sophia Montgomery;1947;A detective uncovers across uncharted lands and hidden secrets.
Horizons Awakening;Ethan Reed;1992;A tale of love across uncharted lands and hidden secrets.
Legacy of Tomorrow;Olivia Thompson;2010;An adventure unfolds across uncharted lands and hidden secrets.
Secrets Awakening;Michael Taylor;1928;An adventure unfolds across uncharted lands and hidden secrets.
Journey Awakening;Sophia Anderson;1951;A battle against fate across uncharted lands and hidden secrets.
Secrets Revealed;Ethan Thompson;1923;A story of mystery across uncharted lands and hidden secrets.
Destiny Awakening;Clara Reed;2016;A tale of love across uncharted lands and hidden secrets.
Whispers of the Lost;Sophia Johnson;1965;A story of mystery across uncharted lands and hidden secrets.
Horizons Revealed;Sophia Taylor;1938;A story of mystery across uncharted lands and hidden secrets.
Secrets Beyond Time;Olivia Thompson;2001;An epic quest across uncharted lands and hidden secrets.
Echoes Revealed;Ethan Taylor;1968;A thrilling journey across uncharted lands and hidden secrets.
Journey of the Past;John Davis;1968;A saga of heroes across uncharted lands and hidden secrets.
Legacy of the Past;James Davis;1946;An adventure unfolds across uncharted lands and hidden secrets.
Echoes of Tomorrow;Daniel Smith;2005;An adventure unfolds across uncharted lands and hidden secrets.
Journey Revealed;James Thompson;1918;A detective uncovers across uncharted lands and hidden secrets.
Journey Beyond Time;James Smith;2006;A story of mystery across uncharted lands and hidden secrets.
Whispers of Tomorrow;Daniel Brown;1929;A saga of heroes across uncharted lands and hidden secrets.
Winds Beyond Time;Daniel Wilson;1938;A saga of heroes across uncharted lands and hidden secrets.
Secrets Revealed;Emma Thompson;1956;A battle against fate across uncharted lands and hidden secrets.
Shadows Beyond Time;Sophia Thompson;2007;A detective uncovers across uncharted lands and hidden secrets.
Winds of the Lost;Alice Taylor;1959;A saga of heroes across uncharted lands and hidden secrets.
Legacy Unbound;Emma Taylor;1915;A saga of heroes across uncharted lands and hidden secrets.
Secrets of the Past;John Wilson;1975;An epic quest across uncharted lands and hidden secrets.
Shadows Awakening;Sophia Smith;2012;A saga of heroes across uncharted lands and hidden secrets.
Winds of Tomorrow;Sophia Smith;1921;A thrilling journey across uncharted lands and hidden secrets.
Whispers of the Past;Alice Davis;1972;A detective uncovers across uncharted lands and hidden secrets.
Journey of the Lost;Daniel Wilson;1947;A thrilling journey across uncharted lands and hidden secrets.
Whispers Unbound;Clara Brown;1914;An epic quest across uncharted lands and hidden secrets.
Shadows Awakening;Clara Johnson;2006;A detective uncovers across uncharted lands and hidden secrets.
Secrets of Tomorrow;Michael Johnson;2009;A detective uncovers across uncharted lands and hidden secrets.
Flames Unbound;John Taylor;1980;A detective uncovers across uncharted lands and hidden secrets.
Destiny Awakening;Clara Brown;2023;A detective uncovers across uncharted lands and hidden secrets.
Shadows Beyond Time;Daniel Montgomery;1969;A tale of love across uncharted lands and hidden secrets.
Flames of the Past;Alice Taylor;1971;A story of mystery across uncharted lands and hidden secrets.
Legacy Awakening;Michael Thompson;1983;A tale of love across uncharted lands and hidden secrets.
Horizons of the Past;James Brown;1943;An adventure unfolds across uncharted lands and hidden secrets.
Flames of the Past;Alice Johnson;2014;An adventure unfolds across uncharted lands and hidden secrets.
Flames of the Lost;Olivia Taylor;1961;A story of mystery across uncharted lands and hidden secrets.
Horizons of the Lost;Daniel Thompson;2009;A detective uncovers across uncharted lands and hidden secrets.
Secrets of the Lost;Clara Taylor;2016;A battle against fate across uncharted lands and hidden secrets.
Legacy Beyond Time;Alice Brown;1940;A battle against fate across uncharted lands and hidden secrets.
Winds of the Lost;Emma Reed;1973;An epic quest across uncharted lands and hidden secrets.
Destiny Beyond Time;Michael Anderson;2010;A battle against fate across uncharted lands and hidden secrets.
Destiny of the Past;Clara Montgomery;1967;A thrilling journey across uncharted lands and hidden secrets.
Legacy of Tomorrow;John Thompson;1980;A battle against fate across uncharted lands and hidden secrets.
Echoes in the Night;John Johnson;1983;A saga of heroes across uncharted lands and hidden secrets.
Flames Unbound;Emma Taylor;1987;A tale of love across uncharted lands and hidden secrets.
Winds in the Night;Sophia Davis;1921;A battle against fate across uncharted lands and hidden secrets.
Shadows of Tomorrow;Clara Thompson;1980;A detective uncovers across uncharted lands and hidden secrets.
Secrets of the Past;Emma Taylor;1935;A thrilling journey across uncharted lands and hidden secrets.
Flames Unbound;Daniel Wilson;1956;A tale of love across uncharted lands and hidden secrets.
Flames of Tomorrow;Olivia Thompson;1938;A thrilling journey across uncharted lands and hidden secrets.
Horizons Beyond Time;Ethan Brown;1949;An adventure unfolds across uncharted lands and hidden secrets.
Journey of the Lost;Clara Thompson;1970;A thrilling journey across uncharted lands and hidden secrets.
Journey in the Night;Clara Thompson;1931;A thrilling journey across uncharted lands and hidden secrets.
Winds of Tomorrow;Daniel Smith;1944;A thrilling journey across uncharted lands and hidden secrets.
Whispers Unbound;Alice Montgomery;1922;A saga of heroes across uncharted lands and hidden secrets.
Destiny of the Past;Ethan Wilson;1964;A story of mystery across uncharted lands and hidden secrets.
Whispers in the Night;Alice Montgomery;1934;A battle against fate across uncharted lands and hidden secrets.
Legacy of Tomorrow;Ethan Anderson;2023;A thrilling journey across uncharted lands and hidden secrets.
Echoes Awakening;John Davis;1953;A tale of love across uncharted lands and hidden secrets.
Shadows Beyond Time;Olivia Brown;1912;A detective uncovers across uncharted lands and hidden secrets.
Shadows in the Night;Sophia Taylor;1990;A story of mystery across uncharted lands and hidden secrets.
Secrets in the Night;James Smith;1980;A battle against fate across uncharted lands and hidden secrets.
Legacy Awakening;Daniel Davis;1981;A saga of heroes across uncharted lands and hidden secrets.
Flames of Tomorrow;Olivia Brown;1987;An adventure unfolds across uncharted lands and hidden secrets.
Echoes of the Past;Daniel Taylor;1938;A story of mystery across uncharted lands and hidden secrets.
Winds of the Past;Olivia Wilson;2006;A thrilling journey across uncharted lands and hidden secrets.
Horizons Revealed;John Anderson;1910;An adventure unfolds across uncharted lands and hidden secrets.
Shadows Revealed;Olivia Anderson;1928;An adventure unfolds across uncharted lands and hidden secrets.
Horizons of the Lost;John Reed;1963;A detective uncovers across uncharted lands and hidden secrets.
Legacy Revealed;Sophia Anderson;1996;A saga of heroes across uncharted lands and hidden secrets.
Whispers of Tomorrow;Michael Anderson;1976;A detective uncovers across uncharted lands and hidden secrets.
Winds in the Night;Michael Montgomery;1939;A saga of heroes across uncharted lands and hidden secrets.
Winds in the Night;Michael Reed;1947;A battle against fate across uncharted lands and hidden secrets.
Whispers of Tomorrow;Emma Johnson;1985;A story of mystery across uncharted lands and hidden secrets.
Journey in the Night;James Anderson;2004;An adventure unfolds across uncharted lands and hidden secrets.
Echoes Beyond Time;James Taylor;1964;A saga of heroes across uncharted lands and hidden secrets.
Winds Awakening;Daniel Montgomery;1931;A story of mystery across uncharted lands and hidden secrets.
Echoes in the Night;Daniel Reed;1949;A story of mystery across uncharted lands and hidden secrets.
Destiny of the Lost;James Reed;2011;A battle against fate across uncharted lands and hidden secrets.
Winds of the Past;Olivia Wilson;1948;A detective uncovers across uncharted lands and hidden secrets.
Horizons of the Lost;John Brown;2017;A battle against fate across uncharted lands and hidden secrets.
Secrets in the Night;James Reed;1945;A story of mystery across uncharted lands and hidden secrets.
Flames of the Lost;Sophia Johnson;1966;A battle against fate across uncharted lands and hidden secrets.
Journey of the Lost;Sophia Wilson;1987;A saga of heroes across uncharted lands and hidden secrets.
Secrets Revealed;James Wilson;2016;A story of mystery across uncharted lands and hidden secrets.
Flames in the Night;John Smith;1967;A tale of love across uncharted lands and hidden secrets.
Winds of Tomorrow;Ethan Montgomery;1901;A tale of love across uncharted lands and hidden secrets.
Horizons Revealed;Sophia Taylor;1993;An epic quest across uncharted lands and hidden secrets.
Whispers Unbound;Daniel Thompson;1960;An adventure unfolds across uncharted lands and hidden secrets.
Legacy of the Lost;Olivia Montgomery;1936;A thrilling journey across uncharted lands and hidden secrets.
Whispers Beyond Time;Olivia Johnson;2000;A tale of love across uncharted lands and hidden secrets.
Legacy of Tomorrow;Ethan Reed;1910;An epic quest across uncharted lands and hidden secrets.
Legacy of Tomorrow;Daniel Davis;2015;A saga of heroes across uncharted lands and hidden secrets.
Secrets in the Night;Olivia Smith;1994;An adventure unfolds across uncharted lands and hidden secrets.
Flames Unbound;John Davis;1978;A battle against fate across uncharted lands and hidden secrets.
Journey of the Lost;James Montgomery;1917;A battle against fate across uncharted lands and hidden secrets.
Shadows in the Night;Olivia Johnson;1986;An epic quest across uncharted lands and hidden secrets.
Journey Revealed;Ethan Wilson;1941;A tale of love across uncharted lands and hidden secrets.
Winds in the Night;Ethan Johnson;1909;A thrilling journey across uncharted lands and hidden secrets.
Horizons Unbound;Michael Taylor;1960;A saga of heroes across uncharted lands and hidden secrets.
Flames of the Past;Ethan Smith;1918;A saga of heroes across uncharted lands and hidden secrets.
Legacy in the Night;Daniel Taylor;1979;A thrilling journey across uncharted lands and hidden secrets.
Destiny Revealed;Olivia Taylor;1923;A battle against fate across uncharted lands and hidden secrets.
Secrets of the Past;John Taylor;1925;A story of mystery across uncharted lands and hidden secrets.
Horizons Unbound;Alice Brown;1913;A story of mystery across uncharted lands and hidden secrets.
Horizons Revealed;Daniel Davis;1982;A story of mystery across uncharted lands and hidden secrets.
Horizons Awakening;Sophia Reed;2022;A tale of love across uncharted lands and hidden secrets.
Shadows Unbound;Olivia Brown;1942;A detective uncovers across uncharted lands and hidden secrets.
Secrets of Tomorrow;Sophia Thompson;1925;A thrilling journey across uncharted lands and hidden secrets.
Journey Unbound;John Montgomery;1986;An adventure unfolds across uncharted lands and hidden secrets.
Winds in the Night;Michael Thompson;1930;An adventure unfolds across uncharted lands and hidden secrets.
Horizons Revealed;Clara Montgomery;1995;A thrilling journey across uncharted lands and hidden secrets.
Journey Awakening;Daniel Wilson;1967;A tale of love across uncharted lands and hidden secrets.
Echoes of the Lost;Daniel Anderson;1966;A saga of heroes across uncharted lands and hidden secrets.
Shadows Awakening;James Anderson;2006;A thrilling journey across uncharted lands and hidden secrets.
Flames of the Past;Sophia Smith;1945;A story of mystery across uncharted lands and hidden secrets.
Journey of the Lost;James Smith;1946;A tale of love across uncharted lands and hidden secrets.
Journey of the Past;Emma Anderson;1946;A battle against fate across uncharted lands and hidden secrets.
Echoes in the Night;Ethan Smith;1970;A saga of heroes across uncharted lands and hidden secrets.
Whispers Revealed;Michael Brown;1926;A thrilling journey across uncharted lands and hidden secrets.
Horizons of the Past;Emma Smith;1936;A saga of heroes across uncharted lands and hidden secrets.
Winds of Tomorrow;Michael Smith;1983;A battle against fate across uncharted lands and hidden secrets.
Journey in the Night;Clara Taylor;2001;An epic quest across uncharted lands and hidden secrets.
Flames Unbound;Michael Anderson;1900;A tale of love across uncharted lands and hidden secrets.
Shadows of the Past;Emma Reed;1920;A tale of love across uncharted lands and hidden secrets.
Horizons of the Lost;Olivia Reed;1999;An adventure unfolds across uncharted lands and hidden secrets.
Shadows Unbound;Daniel Smith;1994;An epic quest across uncharted lands and hidden secrets.
Destiny Awakening;Ethan Reed;1911;A battle against fate across uncharted lands and hidden secrets.
Whispers Revealed;James Davis;1952;An epic quest across uncharted lands and hidden secrets.
Journey of Tomorrow;James Wilson;1963;An epic quest across uncharted lands and hidden secrets.
Echoes Revealed;James Thompson;1973;A saga of heroes across uncharted lands and hidden secrets.
Destiny Beyond Time;Clara Brown;1951;A battle against fate across uncharted lands and hidden secrets.
Flames of Tomorrow;Michael Smith;1996;A thrilling journey across uncharted lands and hidden secrets.
Whispers of Tomorrow;Clara Smith;1914;A detective uncovers across uncharted lands and hidden secrets.
Flames in the Night;James Wilson;1931;A detective uncovers across uncharted lands and hidden secrets.
Shadows Revealed;James Wilson;1907;A tale of love across uncharted lands and hidden secrets.
Flames of the Lost;Ethan Davis;1900;A thrilling journey across uncharted lands and hidden secrets.
Shadows of Tomorrow;Daniel Brown;2015;A thrilling journey across uncharted lands and hidden secrets.
Legacy Unbound;Daniel Johnson;1947;A saga of heroes across uncharted lands and hidden secrets.
Journey Awakening;Emma Smith;1974;A story of mystery across uncharted lands and hidden secrets.
Secrets of the Lost;Michael Thompson;1987;A battle against fate across uncharted lands and hidden secrets.
Whispers in the Night;Emma Thompson;1944;A thrilling journey across uncharted lands and hidden secrets.
Horizons of Tomorrow;Emma Brown;1957;An epic quest across uncharted lands and hidden secrets.
Horizons of the Past;Michael Davis;1995;A story of mystery across uncharted lands and hidden secrets.
Secrets Unbound;Michael Montgomery;2014;A detective uncovers across uncharted lands and hidden secrets.
Legacy in the Night;John Anderson;2004;A battle against fate across uncharted lands and hidden secrets.
Destiny Unbound;James Brown;1954;A detective uncovers across uncharted lands and hidden secrets.
Flames Beyond Time;Emma Brown;1968;An epic quest across uncharted lands and hidden secrets.
Whispers in the Night;Daniel Brown;1985;A story of mystery across uncharted lands and hidden secrets.
Horizons Unbound;James Wilson;1911;A tale of love across uncharted lands and hidden secrets.
Echoes of the Lost;James Wilson;1985;A story of mystery across uncharted lands and hidden secrets.
Echoes of the Lost;Ethan Johnson;2019;A story of mystery across uncharted lands and hidden secrets.
Flames Revealed;Clara Montgomery;1936;A tale of love across uncharted lands and hidden secrets.
Winds Beyond Time;Daniel Johnson;1982;An adventure unfolds across uncharted lands and hidden secrets.
Legacy Revealed;John Smith;1918;A battle against fate across uncharted lands and hidden secrets.
Horizons of Tomorrow;Michael Davis;1938;A tale of love across uncharted lands and hidden secrets.
Winds of the Lost;Sophia Anderson;1903;A detective uncovers across uncharted lands and hidden secrets.
Secrets Revealed;James Johnson;1994;A saga of heroes across uncharted lands and hidden secrets.
Whispers Revealed;John Montgomery;1968;A thrilling journey across uncharted lands and hidden secrets.
Legacy of the Past;Alice Reed;1934;A saga of heroes across uncharted lands and hidden secrets.
Horizons of Tomorrow;Sophia Reed;2001;An epic quest across uncharted lands and hidden secrets.
Secrets of the Past;Ethan Johnson;1918;A tale of love across uncharted lands and hidden secrets.
Legacy of Tomorrow;Clara Taylor;1984;A story of mystery across uncharted lands and hidden secrets.
Horizons Revealed;Alice Thompson;1954;A tale of love across uncharted lands and hidden secrets.
Journey of the Lost;Michael Smith;1945;A saga of heroes across uncharted lands and hidden secrets.
Journey Awakening;Olivia Smith;1999;A tale of love across uncharted lands and hidden secrets.
Legacy of Tomorrow;Sophia Brown;2007;A thrilling journey across uncharted lands and hidden secrets.
Flames of the Past;John Taylor;1988;An adventure unfolds across uncharted lands and hidden secrets.
Flames of the Past;Emma Johnson;1903;A story of mystery across uncharted lands and hidden secrets.
Journey of the Past;Alice Reed;2016;A saga of heroes across uncharted lands and hidden secrets.
Whispers of the Lost;Alice Anderson;1927;A saga of heroes across uncharted lands and hidden secrets.
Winds Revealed;Ethan Wilson;1964;A saga of heroes across uncharted lands and hidden secrets.
Flames of the Past;James Taylor;1940;A story of mystery across uncharted lands and hidden secrets.
Winds Awakening;Michael Anderson;2020;A thrilling journey across uncharted lands and hidden secrets.
Legacy of Tomorrow;Emma Thompson;1986;A battle against fate across uncharted lands and hidden secrets.
Journey Revealed;Emma Thompson;1947;A thrilling journey across uncharted lands and hidden secrets.
Flames Revealed;Sophia Johnson;1942;A thrilling journey across uncharted lands and hidden secrets.
Shadows Revealed;John Thompson;1942;A battle against fate across uncharted lands and hidden secrets.
Echoes Awakening;Clara Thompson;1962;An epic quest across uncharted lands and hidden secrets.
Echoes Revealed;James Thompson;2005;An adventure unfolds across uncharted lands and hidden secrets.
Destiny in the Night;Ethan Davis;1999;A thrilling journey across uncharted lands and hidden secrets.
Whispers Beyond Time;Olivia Montgomery;2011;An epic quest across uncharted lands and hidden secrets.
Shadows of the Lost;Alice Smith;1945;An epic quest across uncharted lands and hidden secrets.
Secrets of Tomorrow;James Johnson;1903;A battle against fate across uncharted lands and hidden secrets.
Whispers Beyond Time;Clara Reed;1922;A thrilling journey across uncharted lands and hidden secrets.
Whispers Beyond Time;James Johnson;1987;A thrilling journey across uncharted lands and hidden secrets.
Legacy Awakening;Ethan Davis;2000;A thrilling journey across uncharted lands and hidden secrets.
Horizons of Tomorrow;Ethan Smith;1935;A detective uncovers across uncharted lands and hidden secrets.
Flames Revealed;Alice Thompson;1954;A thrilling journey across uncharted lands and hidden secrets.
Journey Unbound;Alice Johnson;1952;A battle against fate across uncharted lands and hidden secrets.
Destiny of the Past;Ethan Davis;1972;A story of mystery across uncharted lands and hidden secrets.
Secrets Revealed;John Wilson;1972;A story of mystery across uncharted lands and hidden secrets.
Destiny of the Lost;Alice Montgomery;1947;An adventure unfolds across uncharted lands and hidden secrets.
Echoes of the Past;James Anderson;1922;A detective uncovers across uncharted lands and hidden secrets.
Journey Awakening;Sophia Anderson;1927;A saga of heroes across uncharted lands and hidden secrets.
Legacy Awakening;John Montgomery;1930;A saga of heroes across uncharted lands and hidden secrets.
Journey of the Lost;Olivia Taylor;1951;An adventure unfolds across uncharted lands and hidden secrets.
Winds Beyond Time;Alice Johnson;1957;An epic quest across uncharted lands and hidden secrets.
Flames of the Lost;Clara Taylor;2024;A saga of heroes across uncharted lands and hidden secrets.
Echoes Awakening;James Montgomery;1977;An epic quest across uncharted lands and hidden secrets.
Flames Unbound;Emma Brown;1935;A thrilling journey across uncharted lands and hidden secrets.
Shadows Beyond Time;Emma Taylor;1927;An adventure unfolds across uncharted lands and hidden secrets.
Secrets of the Past;Michael Wilson;2002;A story of mystery across uncharted lands and hidden secrets.
Flames Unbound;Emma Johnson;1906;A tale of love across uncharted lands and hidden secrets.
Secrets Beyond Time;Daniel Smith;1940;An epic quest across uncharted lands and hidden secrets.
Journey of the Past;Emma Wilson;1974;An epic quest across uncharted lands and hidden secrets.
Horizons in the Night;Ethan Anderson;2021;An adventure unfolds across uncharted lands and hidden secrets.
Winds Unbound;John Reed;2008;A tale of love across uncharted lands and hidden secrets.
Secrets in the Night;Sophia Montgomery;1996;A battle against fate across uncharted lands and hidden secrets.
Secrets of the Lost;James Brown;1950;A thrilling journey across uncharted lands and hidden secrets.
Journey Unbound;Sophia Anderson;1906;A story of mystery across uncharted lands and hidden secrets.
Legacy of the Lost;John Reed;1932;A tale of love across uncharted lands and hidden secrets.
Winds of the Past;Alice Smith;1914;A story of mystery across uncharted lands and hidden secrets.
Journey of the Lost;John Johnson;2004;An epic quest across uncharted lands and hidden secrets.
Shadows Unbound;Olivia Smith;2005;A saga of heroes across uncharted lands and hidden secrets.
Legacy in the Night;Alice Smith;1936;A detective uncovers across uncharted lands and hidden secrets.
Secrets Awakening;Emma Johnson;1940;A saga of heroes across uncharted lands and hidden secrets.
Echoes of the Lost;Sophia Montgomery;1907;An adventure unfolds across uncharted lands and hidden secrets.
Journey Revealed;Daniel Brown;1963;A saga of heroes across uncharted lands and hidden secrets.
Winds Unbound;Sophia Anderson;2014;An adventure unfolds across uncharted lands and hidden secrets.
Flames of Tomorrow;Emma Montgomery;2012;An adventure unfolds across uncharted lands and hidden secrets.
Flames of the Past;Michael Brown;1931;An adventure unfolds across uncharted lands and hidden secrets.
Journey Beyond Time;Olivia Johnson;2014;An epic quest across uncharted lands and hidden secrets.
Destiny of the Past;James Montgomery;1909;A battle against fate across uncharted lands and hidden secrets.
Destiny Awakening;Ethan Taylor;2015;A story of mystery across uncharted lands and hidden secrets.
Legacy Beyond Time;Daniel Johnson;1903;A battle against fate across uncharted lands and hidden secrets.
Destiny of Tomorrow;James Montgomery;1909;A battle against fate across uncharted lands and hidden secrets.
Winds of the Lost;Olivia Johnson;1925;A story of mystery across uncharted lands and hidden secrets.
Journey in the Night;James Montgomery;2022;An adventure unfolds across uncharted lands and hidden secrets.
Winds in the Night;Alice Davis;1957;A tale of love across uncharted lands and hidden secrets.
Destiny Unbound;James Anderson;1914;A saga of heroes across uncharted lands and hidden secrets.
Winds in the Night;Michael Brown;1935;A battle against fate across uncharted lands and hidden secrets.
Whispers in the Night;Sophia Wilson;1907;A saga of heroes across uncharted lands and hidden secrets.
Whispers of the Lost;Olivia Taylor;1922;A story of mystery across uncharted lands and hidden secrets.
Journey Unbound;Ethan Taylor;1912;A battle against fate across uncharted lands and hidden secrets.
Shadows in the Night;Daniel Anderson;1951;A battle against fate across uncharted lands and hidden secrets.
Flames Unbound;Daniel Davis;1910;A saga of heroes across uncharted lands and hidden secrets.
Destiny Revealed;Alice Brown;1929;A thrilling journey across uncharted lands and hidden secrets.
Winds in the Night;Olivia Anderson;2000;A battle against fate across uncharted lands and hidden secrets.
Journey of the Lost;Sophia Taylor;1945;A thrilling journey across uncharted lands and hidden secrets.
Flames Revealed;Sophia Thompson;2004;A saga of heroes across uncharted lands and hidden secrets.
Secrets Revealed;Michael Reed;1969;A tale of love across uncharted lands and hidden secrets.
Winds of Tomorrow;Clara Montgomery;1902;A battle against fate across uncharted lands and hidden secrets.
Journey of the Lost;Michael Montgomery;1999;A story of mystery across uncharted lands and hidden secrets.
Echoes Beyond Time;Daniel Davis;1967;A story of mystery across uncharted lands and hidden secrets.
Whispers of Tomorrow;Alice Taylor;1970;A thrilling journey across uncharted lands and hidden secrets.
Shadows of Tomorrow;John Smith;2025;A story of mystery across uncharted lands and hidden secrets.
Destiny in the Night;Ethan Reed;1984;A saga of heroes across uncharted lands and hidden secrets.
Horizons of the Lost;Olivia Reed;1945;A battle against fate across uncharted lands and hidden secrets.
Winds Awakening;James Reed;1921;An adventure unfolds across uncharted lands and hidden secrets.
Flames Unbound;Clara Davis;1925;An adventure unfolds across uncharted lands and hidden secrets.
Flames of the Lost;Olivia Reed;1984;A tale of love across uncharted lands and hidden secrets.
Journey Revealed;Clara Reed;1929;A thrilling journey across uncharted lands and hidden secrets.
Flames Revealed;Ethan Taylor;1930;A battle against fate across uncharted lands and hidden secrets.
Winds Unbound;Clara Reed;1969;A detective uncovers across uncharted lands and hidden secrets.
Secrets Revealed;Clara Smith;1973;An epic quest across uncharted lands and hidden secrets.
Horizons of Tomorrow;Alice Wilson;1967;A story of mystery across uncharted lands and hidden secrets.
Flames in the Night;Daniel Brown;2016;A story of mystery across uncharted lands and hidden secrets.
Secrets of the Lost;Olivia Montgomery;1958;A saga of heroes across uncharted lands and hidden secrets.
Winds of the Lost;Alice Davis;1958;An adventure unfolds across uncharted lands and hidden secrets.
Journey of the Past;Michael Reed;1918;A tale of love across uncharted lands and hidden secrets.
Flames of the Past;Olivia Anderson;1955;A detective uncovers across uncharted lands and hidden secrets.
Journey Awakening;Michael Brown;1915;A tale of love across uncharted lands and hidden secrets.
Secrets Beyond Time;James Montgomery;2000;A saga of heroes across uncharted lands and hidden secrets.
Flames of Tomorrow;Emma Wilson;1968;A story of mystery across uncharted lands and hidden secrets.
Winds of the Past;Daniel Davis;1955;A story of mystery across uncharted lands and hidden secrets.
Legacy of the Past;Ethan Thompson;1979;A detective uncovers across uncharted lands and hidden secrets.
Shadows Unbound;Emma Anderson;2010;An adventure unfolds across uncharted lands and hidden secrets.
Winds of the Lost;Alice Thompson;2010;A saga of heroes across uncharted lands and hidden secrets.
Horizons Unbound;Daniel Johnson;1943;An epic quest across uncharted lands and hidden secrets.
Journey Unbound;Michael Taylor;2022;A story of mystery across uncharted lands and hidden secrets.
Horizons Beyond Time;James Thompson;1926;A tale of love across uncharted lands and hidden secrets.
Whispers of the Lost;Emma Johnson;1961;A thrilling journey across uncharted lands and hidden secrets.
Secrets of the Past;Emma Reed;1913;A detective uncovers across uncharted lands and hidden secrets.
Shadows Unbound;John Smith;1933;A tale of love across uncharted lands and hidden secrets.
Flames of the Past;James Reed;1903;A detective uncovers across uncharted lands and hidden secrets.
Destiny of Tomorrow;Alice Brown;1992;A tale of love across uncharted lands and hidden secrets.
Flames Unbound;Emma Brown;1906;A story of mystery across uncharted lands and hidden secrets.
Whispers Revealed;Emma Smith;2018;A tale of love across uncharted lands and hidden secrets.
Journey of the Past;Michael Thompson;1933;A saga of heroes across uncharted lands and hidden secrets.
Winds Revealed;James Anderson;2022;An epic quest across uncharted lands and hidden secrets.
Journey Revealed;John Johnson;2015;A battle against fate across uncharted lands and hidden secrets.
Journey Unbound;Ethan Thompson;1915;A battle against fate across uncharted lands and hidden secrets.
Flames Awakening;John Johnson;1943;A detective uncovers across uncharted lands and hidden secrets.
Destiny of Tomorrow;Michael Davis;1958;A detective uncovers across uncharted lands and hidden secrets.
Winds Revealed;Ethan Brown;1994;A saga of heroes across uncharted lands and hidden secrets.
Secrets of the Past;Olivia Brown;1921;A tale of love across uncharted lands and hidden secrets.
Whispers of Tomorrow;Olivia Taylor;1904;An adventure unfolds across uncharted lands and hidden secrets.
Secrets in the Night;Emma Anderson;1997;A battle against fate across uncharted lands and hidden secrets.
Whispers in the Night;Olivia Taylor;1912;An epic quest across uncharted lands and hidden secrets.
Journey in the Night;Daniel Davis;1946;An epic quest across uncharted lands and hidden secrets.
Destiny Revealed;Michael Brown;1974;A saga of heroes across uncharted lands and hidden secrets.
Whispers Unbound;Emma Thompson;1935;A battle against fate across uncharted lands and hidden secrets.
Echoes of the Past;Daniel Montgomery;1957;A story of mystery across uncharted lands and hidden secrets.
Winds Revealed;Alice Smith;1988;An epic quest across uncharted lands and hidden secrets.
Secrets of Tomorrow;Olivia Wilson;1934;An epic quest across uncharted lands and hidden secrets.
Horizons Revealed;John Brown;1923;A saga of heroes across uncharted lands and hidden secrets.
Legacy Revealed;Clara Anderson;1909;A thrilling journey across uncharted lands and hidden secrets.
Legacy Awakening;James Davis;1947;A detective uncovers across uncharted lands and hidden secrets.
Legacy in the Night;Sophia Brown;1932;An adventure unfolds across uncharted lands and hidden secrets.
Whispers of the Lost;James Davis;1927;A tale of love across uncharted lands and hidden secrets.
Echoes of the Past;John Johnson;1921;A saga of heroes across uncharted lands and hidden secrets.
Legacy in the Night;Emma Brown;1968;A detective uncovers across uncharted lands and hidden secrets.
Echoes Unbound;Ethan Taylor;1908;An adventure unfolds across uncharted lands and hidden secrets.
Journey in the Night;Sophia Reed;1902;A tale of love across uncharted lands and hidden secrets.
Horizons Unbound;Daniel Smith;1909;A thrilling journey across uncharted lands and hidden secrets.
Winds in the Night;Michael Smith;1975;An adventure unfolds across uncharted lands and hidden secrets.
Whispers Revealed;Daniel Anderson;1910;An epic quest across uncharted lands and hidden secrets.
Legacy Revealed;Michael Reed;1941;A story of mystery across uncharted lands and hidden secrets.
Legacy Revealed;Michael Montgomery;2006;A saga of heroes across uncharted lands and hidden secrets.
Destiny Beyond Time;John Smith;1956;A battle against fate across uncharted lands and hidden secrets.
Secrets Unbound;Olivia Wilson;1983;A story of mystery across uncharted lands and hidden secrets.
Secrets Unbound;Alice Brown;1952;A tale of love across uncharted lands and hidden secrets.
Shadows Revealed;Olivia Thompson;2005;A battle against fate across uncharted lands and hidden secrets.
Legacy of the Past;Alice Reed;1922;A story of mystery across uncharted lands and hidden secrets.
Secrets Revealed;Daniel Smith;1911;A thrilling journey across uncharted lands and hidden secrets.
Destiny in the Night;James Anderson;2009;A detective uncovers across uncharted lands and hidden secrets.
Destiny Awakening;Emma Taylor;1903;A saga of heroes across uncharted lands and hidden secrets.
Whispers Unbound;Emma Brown;1971;A tale of love across uncharted lands and hidden secrets.
Whispers of the Past;Clara Johnson;1911;An epic quest across uncharted lands and hidden secrets.
Legacy Revealed;John Thompson;1981;An epic quest across uncharted lands and hidden secrets.
Destiny Revealed;John Taylor;2012;A tale of love across uncharted lands and hidden secrets.
Winds of the Lost;Clara Reed;1910;A thrilling journey across uncharted lands and hidden secrets.
Winds of the Lost;Michael Montgomery;1937;An epic quest across uncharted lands and hidden secrets.
Shadows of Tomorrow;Clara Smith;1998;An adventure unfolds across uncharted lands and hidden secrets.
Winds of the Lost;Ethan Wilson;1977;A battle against fate across uncharted lands and hidden secrets.
Shadows Unbound;Olivia Smith;1933;A story of mystery across uncharted lands and hidden secrets.
Flames Revealed;Olivia Reed;1960;A detective uncovers across uncharted lands and hidden secrets.
Secrets of the Lost;Alice Thompson;2015;A tale of love across uncharted lands and hidden secrets.
Shadows Awakening;Sophia Thompson;1915;A thrilling journey across uncharted lands and hidden secrets.
Legacy of the Lost;Sophia Wilson;1996;An epic quest across uncharted lands and hidden secrets.
Shadows Revealed;Ethan Davis;1984;An epic quest across uncharted lands and hidden secrets.
Horizons Beyond Time;Clara Montgomery;1916;A thrilling journey across uncharted lands and hidden secrets.
Flames Beyond Time;Sophia Davis;1997;A detective uncovers across uncharted lands and hidden secrets.
Winds Awakening;Alice Brown;1999;A thrilling journey across uncharted lands and hidden secrets.
Echoes Beyond Time;Emma Johnson;1949;A saga of heroes across uncharted lands and hidden secrets.
Horizons of the Lost;Michael Smith;1940;An epic quest across uncharted lands and hidden secrets.
Secrets in the Night;Michael Anderson;1967;A detective uncovers across uncharted lands and hidden secrets.
Flames of Tomorrow;Alice Johnson;1910;A battle against fate across uncharted lands and hidden secrets.
Secrets Revealed;James Brown;1976;A saga of heroes across uncharted lands and hidden secrets.
Journey Beyond Time;Ethan Thompson;1959;A battle against fate across uncharted lands and hidden secrets.
Shadows in the Night;Emma Thompson;2018;A detective uncovers across uncharted lands and hidden secrets.
Destiny of the Lost;John Taylor;1901;A saga of heroes across uncharted lands and hidden secrets.
Winds in the Night;Michael Smith;2006;A thrilling journey across uncharted lands and hidden secrets.
Secrets Revealed;Michael Anderson;1971;A battle against fate across uncharted lands and hidden secrets.
Flames Unbound;James Thompson;1994;An adventure unfolds across uncharted lands and hidden secrets.
Journey Revealed;John Montgomery;1955;An adventure unfolds across uncharted lands and hidden secrets.
Legacy in the Night;Ethan Anderson;1978;An epic quest across uncharted lands and hidden secrets.
Legacy Awakening;Emma Taylor;1943;A detective uncovers across uncharted lands and hidden secrets.
Journey Unbound;Ethan Johnson;1919;An adventure unfolds across uncharted lands and hidden secrets.
Winds Beyond Time;Daniel Thompson;1945;A thrilling journey across uncharted lands and hidden secrets.
Horizons in the Night;Ethan Montgomery;2017;A thrilling journey across uncharted lands and hidden secrets.
Secrets Revealed;Alice Davis;1975;A detective uncovers across uncharted lands and hidden secrets.
Shadows of the Past;Olivia Montgomery;1916;A detective uncovers across uncharted lands and hidden secrets.
Destiny in the Night;Michael Taylor;1957;A saga of heroes across uncharted lands and hidden secrets.
Legacy Unbound;Clara Wilson;1964;A thrilling journey across uncharted lands and hidden secrets.
Destiny in the Night;Michael Montgomery;2023;A thrilling journey across uncharted lands and hidden secrets.
Whispers in the Night;Olivia Thompson;1922;A battle against fate across uncharted lands and hidden secrets.
Flames Unbound;Sophia Davis;2025;An epic quest across uncharted lands and hidden secrets.
Legacy in the Night;Clara Davis;1966;An epic quest across uncharted lands and hidden secrets.
Echoes Unbound;Sophia Montgomery;1994;An epic quest across uncharted lands and hidden secrets.
Destiny of Tomorrow;John Smith;1986;A battle against fate across uncharted lands and hidden secrets.
Horizons of the Past;Michael Wilson;2009;An epic quest across uncharted lands and hidden secrets.
Flames Awakening;Clara Wilson;1955;An epic quest across uncharted lands and hidden secrets.
Journey Beyond Time;John Smith;1927;An epic quest across uncharted lands and hidden secrets.
Journey Beyond Time;Sophia Wilson;1943;A story of mystery across uncharted lands and hidden secrets.
Secrets in the Night;Daniel Brown;1985;A story of mystery across uncharted lands and hidden secrets.
Secrets of the Past;Michael Taylor;1974;A thrilling journey across uncharted lands and hidden secrets.
Horizons of Tomorrow;James Thompson;1908;An adventure unfolds across uncharted lands and hidden secrets.
Echoes of Tomorrow;Alice Taylor;1908;A battle against fate across uncharted lands and hidden secrets.
Legacy in the Night;Ethan Johnson;1955;A detective uncovers across uncharted lands and hidden secrets.
Destiny in the Night;Ethan Davis;1936;A saga of heroes across uncharted lands and hidden secrets.
Flames Awakening;Olivia Brown;1945;A thrilling journey across uncharted lands and hidden secrets.
Journey Unbound;James Reed;1901;A tale of love across uncharted lands and hidden secrets.
Flames of Tomorrow;Daniel Davis;1995;A thrilling journey across uncharted lands and hidden secrets.
Journey in the Night;John Davis;1922;A story of mystery across uncharted lands and hidden secrets.
Destiny of Tomorrow;James Thompson;1964;An epic quest across uncharted lands and hidden secrets.
Whispers of Tomorrow;John Thompson;1969;A battle against fate across uncharted lands and hidden secrets.
Echoes Unbound;John Wilson;1934;An adventure unfolds across uncharted lands and hidden secrets.
Whispers of the Lost;Emma Taylor;2006;A detective uncovers across uncharted lands and hidden secrets.
Destiny Revealed;Olivia Brown;1988;A detective uncovers across uncharted lands and hidden secrets.
Legacy of the Past;Sophia Wilson;1988;An epic quest across uncharted lands and hidden secrets.
Horizons Awakening;Clara Anderson;1995;An epic quest across uncharted lands and hidden secrets.
Legacy of Tomorrow;Daniel Reed;1909;A tale of love across uncharted lands and hidden secrets.
Journey Unbound;Daniel Smith;1901;An epic quest across uncharted lands and hidden secrets.
Secrets in the Night;James Davis;1966;An adventure unfolds across uncharted lands and hidden secrets.
Legacy of the Lost;James Taylor;1964;A thrilling journey across uncharted lands and hidden secrets.
Journey Beyond Time;Daniel Davis;1909;A thrilling journey across uncharted lands and hidden secrets.
Whispers of the Lost;Clara Reed;1924;A story of mystery across uncharted lands and hidden secrets.
Winds of the Past;Alice Reed;1902;A thrilling journey across uncharted lands and hidden secrets.
Horizons Beyond Time;Daniel Reed;1926;A saga of heroes across uncharted lands and hidden secrets.
Destiny of the Past;Michael Anderson;2007;A thrilling journey across uncharted lands and hidden secrets.
Whispers Unbound;Clara Johnson;1904;A battle against fate across uncharted lands and hidden secrets.
Secrets in the Night;Michael Thompson;1920;A battle against fate across uncharted lands and hidden secrets.
Journey Revealed;Sophia Anderson;1909;An adventure unfolds across uncharted lands and hidden secrets.
Winds in the Night;James Smith;1944;A detective uncovers across uncharted lands and hidden secrets.
Horizons Beyond Time;Sophia Davis;1998;A battle against fate across uncharted lands and hidden secrets.
Flames Unbound;Clara Wilson;1974;A saga of heroes across uncharted lands and hidden secrets.
Flames in the Night;Clara Taylor;1971;An adventure unfolds across uncharted lands and hidden secrets.
Secrets Unbound;James Anderson;1953;A story of mystery across uncharted lands and hidden secrets.
Shadows of Tomorrow;Alice Smith;1984;An adventure unfolds across uncharted lands and hidden secrets.
Horizons in the Night;Emma Smith;1966;A saga of heroes across uncharted lands and hidden secrets.
Legacy Unbound;Clara Wilson;1901;A story of mystery across uncharted lands and hidden secrets.
Shadows Beyond Time;John Montgomery;1915;A battle against fate across uncharted lands and hidden secrets.
Journey Beyond Time;John Brown;1927;A detective uncovers across uncharted lands and hidden secrets.
Secrets Awakening;Michael Anderson;2020;A saga of heroes across uncharted lands and hidden secrets.
Echoes Beyond Time;Clara Brown;1997;A battle against fate across uncharted lands and hidden secrets.
Shadows in the Night;John Johnson;2016;A detective uncovers across uncharted lands and hidden secrets.
Shadows Unbound;John Anderson;1932;A story of mystery across uncharted lands and hidden secrets.
Secrets Beyond Time;Daniel Thompson;1986;A thrilling journey across uncharted lands and hidden secrets.
Legacy of the Lost;Clara Reed;2010;An adventure unfolds across uncharted lands and hidden secrets.
Winds Revealed;Michael Brown;1995;A battle against fate across uncharted lands and hidden secrets.
Horizons in the Night;Sophia Davis;1932;A saga of heroes across uncharted lands and hidden secrets.
Flames of the Lost;Michael Johnson;1917;A thrilling journey across uncharted lands and hidden secrets.
Echoes of the Past;Clara Anderson;1988;A tale of love across uncharted lands and hidden secrets.
Legacy Revealed;Olivia Smith;1996;A tale of love across uncharted lands and hidden secrets.
Secrets Unbound;Olivia Reed;1958;An adventure unfolds across uncharted lands and hidden secrets.
Echoes Revealed;Sophia Taylor;1901;An epic quest across uncharted lands and hidden secrets.
Secrets of the Lost;Sophia Taylor;1939;A battle against fate across uncharted lands and hidden secrets.
Legacy of the Lost;Emma Reed;1953;An adventure unfolds across uncharted lands and hidden secrets.
Legacy Awakening;Ethan Thompson;1919;A thrilling journey across uncharted lands and hidden secrets.
Secrets Awakening;Alice Reed;1944;A saga of heroes across uncharted lands and hidden secrets.
Legacy Awakening;Alice Thompson;1945;An adventure unfolds across uncharted lands and hidden secrets.
Horizons Awakening;Emma Reed;2015;A saga of heroes across uncharted lands and hidden secrets.
Journey Beyond Time;Olivia Taylor;1930;An adventure unfolds across uncharted lands and hidden secrets.
Journey Unbound;Michael Reed;1960;A saga of heroes across uncharted lands and hidden secrets.
Whispers Revealed;Ethan Thompson;2017;A story of mystery across uncharted lands and hidden secrets.
Winds Unbound;John Wilson;2023;A tale of love across uncharted lands and hidden secrets.
Horizons of the Lost;Emma Taylor;1913;An adventure unfolds across uncharted lands and hidden secrets.
Secrets Beyond Time;Emma Reed;1997;A battle against fate across uncharted lands and hidden secrets.
Echoes of the Past;Michael Johnson;1954;A detective uncovers across uncharted lands and hidden secrets.
Shadows of Tomorrow;Alice Reed;2012;A detective uncovers across uncharted lands and hidden secrets.
Journey of the Past;Olivia Taylor;1936;A tale of love across uncharted lands and hidden secrets.
Whispers of the Lost;Alice Johnson;1980;A battle against fate across uncharted lands and hidden secrets.
Shadows Awakening;Daniel Montgomery;1996;A tale of love across uncharted lands and hidden secrets.
Shadows of Tomorrow;Michael Taylor;1908;A thrilling journey across uncharted lands and hidden secrets.
Whispers Awakening;Michael Taylor;2008;An adventure unfolds across uncharted lands and hidden secrets.
Whispers of the Past;James Montgomery;1968;An adventure unfolds across uncharted lands and hidden secrets.
Secrets Unbound;James Johnson;1925;A battle against fate across uncharted lands and hidden secrets.
Echoes of the Past;Olivia Johnson;2022;A saga of heroes across uncharted lands and hidden secrets.
Flames in the Night;Ethan Reed;1921;A tale of love across uncharted lands and hidden secrets.
Horizons Unbound;Ethan Smith;1992;A story of mystery across uncharted lands and hidden secrets.
Whispers of the Lost;Ethan Wilson;1980;A saga of heroes across uncharted lands and hidden secrets.
Echoes of Tomorrow;Alice Johnson;1976;An epic quest across uncharted lands and hidden secrets.
Secrets Beyond Time;James Montgomery;2005;A battle against fate across uncharted lands and hidden secrets.
Journey Unbound;James Wilson;1971;A saga of heroes across uncharted lands and hidden secrets.
Horizons in the Night;Emma Wilson;1918;A battle against fate across uncharted lands and hidden secrets.
Secrets in the Night;Ethan Taylor;1995;An adventure unfolds across uncharted lands and hidden secrets.
Whispers of the Past;Sophia Anderson;1923;An epic quest across uncharted lands and hidden secrets.
Secrets of the Lost;Olivia Johnson;1997;A thrilling journey across uncharted lands and hidden secrets.
Destiny in the Night;Alice Wilson;1912;A saga of heroes across uncharted lands and hidden secrets.
Horizons Revealed;Ethan Johnson;2011;A detective uncovers across uncharted lands and hidden secrets.
Whispers of the Lost;Michael Smith;1998;An adventure unfolds across uncharted lands and hidden secrets.
Legacy Awakening;Michael Brown;1906;An epic quest across uncharted lands and hidden secrets.
Whispers of Tomorrow;James Reed;1921;A saga of heroes across uncharted lands and hidden secrets.
Shadows Revealed;Alice Wilson;2001;A saga of heroes across uncharted lands and hidden secrets.
Whispers of the Past;Alice Taylor;1910;An epic quest across uncharted lands and hidden secrets.
Journey Revealed;Ethan Reed;1954;A battle against fate across uncharted lands and hidden secrets.
Destiny in the Night;Michael Anderson;1988;A thrilling journey across uncharted lands and hidden secrets.
Journey Unbound;James Smith;1911;A detective uncovers across uncharted lands and hidden secrets.
Destiny Beyond Time;Daniel Davis;1930;An epic quest across uncharted lands and hidden secrets.
Horizons Awakening;Michael Taylor;1948;A story of mystery across uncharted lands and hidden secrets.
Journey of Tomorrow;Daniel Smith;1925;A saga of heroes across uncharted lands and hidden secrets.
Horizons Awakening;Emma Taylor;1985;A detective uncovers across uncharted lands and hidden secrets.
Winds Awakening;Daniel Davis;1908;A detective uncovers across uncharted lands and hidden secrets.
Echoes Revealed;James Montgomery;1978;A thrilling journey across uncharted lands and hidden secrets.
Whispers Unbound;Clara Thompson;2015;A saga of heroes across uncharted lands and hidden secrets.
Winds Awakening;Ethan Brown;2019;A saga of heroes across uncharted lands and hidden secrets.
Legacy Unbound;John Wilson;1951;An adventure unfolds across uncharted lands and hidden secrets.
Echoes Awakening;Ethan Taylor;1901;A battle against fate across uncharted lands and hidden secrets.
Secrets Awakening;Olivia Taylor;1987;An epic quest across uncharted lands and hidden secrets.
Destiny Unbound;Clara Wilson;1938;An adventure unfolds across uncharted lands and hidden secrets.
Legacy Revealed;Alice Montgomery;2003;An epic quest across uncharted lands and hidden secrets.
Secrets Beyond Time;Olivia Montgomery;1924;An epic quest across uncharted lands and hidden secrets.
Whispers Awakening;John Reed;2003;A battle against fate across uncharted lands and hidden secrets.
Winds of the Past;Sophia Thompson;1934;A thrilling journey across uncharted lands and hidden secrets.
Flames Beyond Time;Sophia Taylor;1995;A saga of heroes across uncharted lands and hidden secrets.
Horizons Unbound;Sophia Davis;1914;A saga of heroes across uncharted lands and hidden secrets.
Secrets Beyond Time;Sophia Anderson;2021;A detective uncovers across uncharted lands and hidden secrets.
Destiny of the Past;Olivia Taylor;1977;A detective uncovers across uncharted lands and hidden secrets.
Winds of the Lost;Michael Reed;1998;A tale of love across uncharted lands and hidden secrets.
Destiny Unbound;Ethan Anderson;2018;A story of mystery across uncharted lands and hidden secrets.
Shadows Beyond Time;Ethan Johnson;2006;An adventure unfolds across uncharted lands and hidden secrets.
Shadows Unbound;Olivia Anderson;2002;A tale of love across uncharted lands and hidden secrets.
Horizons Revealed;Michael Wilson;1968;A thrilling journey across uncharted lands and hidden secrets.
Secrets Unbound;Daniel Taylor;2024;A tale of love across uncharted lands and hidden secrets.
Journey of the Lost;James Wilson;1929;A tale of love across uncharted lands and hidden secrets.
Destiny Unbound;Clara Wilson;1951;A saga of heroes across uncharted lands and hidden secrets.
Secrets of Tomorrow;Michael Davis;1927;A tale of love across uncharted lands and hidden secrets.
Winds of the Past;Clara Wilson;1912;An adventure unfolds across uncharted lands and hidden secrets.
Secrets Revealed;John Anderson;1996;A detective uncovers across uncharted lands and hidden secrets.
Legacy of the Lost;Clara Reed;1902;A battle against fate across uncharted lands and hidden secrets.
Destiny Unbound;Michael Wilson;1980;A detective uncovers across uncharted lands and hidden secrets.
Journey Beyond Time;Sophia Brown;1965;A thrilling journey across uncharted lands and hidden secrets.
Legacy of the Past;Michael Smith;1972;A saga of heroes across uncharted lands and hidden secrets.
Journey of Tomorrow;James Montgomery;1951;A detective uncovers across uncharted lands and hidden secrets.
Flames Beyond Time;Michael Davis;1928;A thrilling journey across uncharted lands and hidden secrets.
Secrets Awakening;Michael Wilson;1933;A battle against fate across uncharted lands and hidden secrets.
Legacy Unbound;Alice Wilson;1962;A story of mystery across uncharted lands and hidden secrets.
Destiny in the Night;Clara Wilson;1915;An epic quest across uncharted lands and hidden secrets.
Whispers Revealed;Clara Smith;1982;A story of mystery across uncharted lands and hidden secrets.
Echoes Revealed;James Davis;1943;A detective uncovers across uncharted lands and hidden secrets.
Horizons of the Past;Sophia Reed;1933;A saga of heroes across uncharted lands and hidden secrets.
Winds Revealed;Alice Reed;1950;An epic quest across uncharted lands and hidden secrets.
Whispers of Tomorrow;Michael Montgomery;1942;A thrilling journey across uncharted lands and hidden secrets.
Secrets Awakening;Ethan Thompson;1913;A tale of love across uncharted lands and hidden secrets.
Horizons Beyond Time;Ethan Brown;1953;An epic quest across uncharted lands and hidden secrets.
Secrets Revealed;Ethan Montgomery;1969;A story of mystery across uncharted lands and hidden secrets.
Shadows in the Night;Sophia Montgomery;2022;A saga of heroes across uncharted lands and hidden secrets.
Winds of Tomorrow;Michael Smith;1933;An adventure unfolds across uncharted lands and hidden secrets.
Shadows of Tomorrow;Alice Thompson;1935;A story of mystery across uncharted lands and hidden secrets.
Whispers of Tomorrow;Clara Anderson;1960;A thrilling journey across uncharted lands and hidden secrets.
Whispers Revealed;Olivia Johnson;1912;A battle against fate across uncharted lands and hidden secrets.
Destiny Awakening;Emma Davis;2021;A battle against fate across uncharted lands and hidden secrets.
Secrets of the Past;Michael Wilson;1907;An adventure unfolds across uncharted lands and hidden secrets.
Shadows Awakening;John Montgomery;1974;A detective uncovers across uncharted lands and hidden secrets.
Destiny Unbound;Michael Wilson;1940;A saga of heroes across uncharted lands and hidden secrets.
Secrets Unbound;John Reed;2024;A detective uncovers across uncharted lands and hidden secrets.
Journey in the Night;Clara Brown;1911;A story of mystery across uncharted lands and hidden secrets.
Secrets of Tomorrow;Alice Brown;1912;A detective uncovers across uncharted lands and hidden secrets.
Whispers Unbound;James Reed;2021;A thrilling journey across uncharted lands and hidden secrets.
Flames of the Lost;Olivia Thompson;1977;A saga of heroes across uncharted lands and hidden secrets.
Echoes in the Night;Michael Davis;2022;An epic quest across uncharted lands and hidden secrets.
Journey Revealed;Daniel Davis;1953;A battle against fate across uncharted lands and hidden secrets.
Echoes Unbound;Emma Taylor;1976;An adventure unfolds across uncharted lands and hidden secrets.
Legacy of the Lost;Clara Smith;1916;An adventure unfolds across uncharted lands and hidden secrets.
Shadows of the Lost;Emma Brown;1980;A tale of love across uncharted lands and hidden secrets.
Flames Revealed;Ethan Anderson;1927;A thrilling journey across uncharted lands and hidden secrets.
Winds Unbound;Clara Davis;2011;A story of mystery across uncharted lands and hidden secrets.
Winds Unbound;John Wilson;1942;A battle against fate across uncharted lands and hidden secrets.
Destiny of the Lost;Olivia Reed;1986;A saga of heroes across uncharted lands and hidden secrets.
Whispers Unbound;Michael Wilson;1945;A story of mystery across uncharted lands and hidden secrets.
Horizons Revealed;Daniel Davis;1906;A thrilling journey across uncharted lands and hidden secrets.
Secrets in the Night;James Montgomery;1985;A battle against fate across uncharted lands and hidden secrets.
Secrets in the Night;Daniel Thompson;1907;An epic quest across uncharted lands and hidden secrets.
Flames in the Night;Daniel Montgomery;1915;A story of mystery across uncharted lands and hidden secrets.
Whispers Revealed;Sophia Reed;1989;A tale of love across uncharted lands and hidden secrets.
Secrets of Tomorrow;James Taylor;1929;An adventure unfolds across uncharted lands and hidden secrets.
Flames Awakening;Michael Brown;1992;A story of mystery across uncharted lands and hidden secrets.
Legacy of Tomorrow;Emma Taylor;1978;A story of mystery across uncharted lands and hidden secrets.
Shadows of the Lost;Alice Thompson;1949;An adventure unfolds across uncharted lands and hidden secrets.
Journey Beyond Time;John Davis;2021;An epic quest across uncharted lands and hidden secrets.
Journey Beyond Time;Daniel Montgomery;1941;A story of mystery across uncharted lands and hidden secrets.
Shadows Beyond Time;Olivia Anderson;1963;A battle against fate across uncharted lands and hidden secrets.
Secrets Beyond Time;John Smith;2019;An adventure unfolds across uncharted lands and hidden secrets.
Journey Revealed;Ethan Taylor;1920;A story of mystery across uncharted lands and hidden secrets.
Destiny in the Night;Michael Brown;1907;A tale of love across uncharted lands and hidden secrets.
Winds Awakening;James Wilson;1910;A saga of heroes across uncharted lands and hidden secrets.
Winds of the Lost;Emma Thompson;1973;A tale of love across uncharted lands and hidden secrets.
Whispers in the Night;Olivia Johnson;1957;A battle against fate across uncharted lands and hidden secrets.
Secrets of the Lost;Daniel Taylor;1950;A detective uncovers across uncharted lands and hidden secrets.
Whispers in the Night;Daniel Smith;1934;A detective uncovers across uncharted lands and hidden secrets.
Whispers Revealed;Clara Wilson;2021;An epic quest across uncharted lands and hidden secrets.
Horizons of the Past;Olivia Thompson;1937;An epic quest across uncharted lands and hidden secrets.
Secrets Awakening;Michael Johnson;1956;An adventure unfolds across uncharted lands and hidden secrets.
Journey of the Lost;Clara Smith;1995;A battle against fate across uncharted lands and hidden secrets.
Echoes in the Night;John Wilson;2001;An adventure unfolds across uncharted lands and hidden secrets.
Horizons Beyond Time;Alice Thompson;1999;A story of mystery across uncharted lands and hidden secrets.
Secrets Revealed;John Reed;1969;A tale of love across uncharted lands and hidden secrets.
Flames in the Night;Emma Montgomery;1924;A detective uncovers across uncharted lands and hidden secrets.
Horizons of Tomorrow;Olivia Anderson;1997;A thrilling journey across uncharted lands and hidden secrets.
Winds of the Lost;Olivia Brown;1901;An adventure unfolds across uncharted lands and hidden secrets.
Shadows Beyond Time;Clara Johnson;1970;A detective uncovers across uncharted lands and hidden secrets.
Legacy in the Night;James Anderson;1940;An epic quest across uncharted lands and hidden secrets.
Winds of the Past;James Montgomery;1950;A story of mystery across uncharted lands and hidden secrets.
Echoes of the Past;Alice Reed;2012;A saga of heroes across uncharted lands and hidden secrets.
Flames of the Past;Clara Wilson;1936;A thrilling journey across uncharted lands and hidden secrets.
Winds of the Past;Olivia Brown;1902;A thrilling journey across uncharted lands and hidden secrets.
Journey Beyond Time;Alice Taylor;1994;A saga of heroes across uncharted lands and hidden secrets.
Echoes of the Lost;Alice Anderson;1902;An adventure unfolds across uncharted lands and hidden secrets.
Destiny Unbound;John Wilson;1905;A detective uncovers across uncharted lands and hidden secrets.
Winds of the Past;Michael Johnson;1982;An epic quest across uncharted lands and hidden secrets.
Shadows Beyond Time;Olivia Montgomery;1949;An adventure unfolds across uncharted lands and hidden secrets.
Winds of the Lost;Michael Reed;1923;An adventure unfolds across uncharted lands and hidden secrets.
Flames of Tomorrow;Ethan Anderson;1927;A story of mystery across uncharted lands and hidden secrets.
Winds Awakening;Olivia Davis;1942;A battle against fate across uncharted lands and hidden secrets.
Destiny Revealed;Clara Montgomery;2001;A story of mystery across uncharted lands and hidden secrets.
Horizons of the Lost;John Thompson;1902;A detective uncovers across uncharted lands and hidden secrets.
Shadows Revealed;Olivia Wilson;2023;A tale of love across uncharted lands and hidden secrets.
Whispers of the Lost;Michael Smith;1914;A detective uncovers across uncharted lands and hidden secrets.
Shadows in the Night;Alice Anderson;1998;A thrilling journey across uncharted lands and hidden secrets.
Flames Beyond Time;Michael Smith;1963;An epic quest across uncharted lands and hidden secrets.
Flames Awakening;Alice Wilson;2024;A thrilling journey across uncharted lands and hidden secrets.
Horizons of the Past;Emma Wilson;2004;A thrilling journey across uncharted lands and hidden secrets.
Flames Beyond Time;Alice Anderson;2016;A saga of heroes across uncharted lands and hidden secrets.
Flames of the Past;Daniel Reed;1962;A story of mystery across uncharted lands and hidden secrets.
Legacy Beyond Time;Olivia Reed;1931;A battle against fate across uncharted lands and hidden secrets.
Whispers Awakening;Michael Johnson;1954;A detective uncovers across uncharted lands and hidden secrets.
Secrets Beyond Time;Clara Johnson;2005;An epic quest across uncharted lands and hidden secrets.
Flames Awakening;Clara Wilson;1966;A story of mystery across uncharted lands and hidden secrets.
Legacy in the Night;Clara Johnson;1926;An epic quest across uncharted lands and hidden secrets.
Shadows of the Lost;Clara Johnson;1905;A saga of heroes across uncharted lands and hidden secrets.
Journey Unbound;Emma Johnson;2007;A story of mystery across uncharted lands and hidden secrets.
Destiny Unbound;Clara Thompson;1991;An epic quest across uncharted lands and hidden secrets.
Whispers of the Past;Ethan Wilson;1959;An epic quest across uncharted lands and hidden secrets.
Winds Unbound;Olivia Brown;1925;A battle against fate across uncharted lands and hidden secrets.
Secrets of the Past;Alice Anderson;1922;A story of mystery across uncharted lands and hidden secrets.
Horizons Awakening;Michael Anderson;1956;A thrilling journey across uncharted lands and hidden secrets.
Winds Revealed;Daniel Smith;2024;A saga of heroes across uncharted lands and hidden secrets.
Journey Beyond Time;John Wilson;1916;A detective uncovers across uncharted lands and hidden secrets.
Legacy of the Lost;Alice Thompson;1986;A saga of heroes across uncharted lands and hidden secrets.
Legacy in the Night;Emma Reed;1901;A detective uncovers across uncharted lands and hidden secrets.
Secrets Awakening;Ethan Brown;1990;A story of mystery across uncharted lands and hidden secrets.
Journey of Tomorrow;Olivia Reed;2008;A battle against fate across uncharted lands and hidden secrets.
Legacy of the Past;Olivia Taylor;1999;A battle against fate across uncharted lands and hidden secrets.
Echoes of Tomorrow;Michael Davis;1906;A tale of love across uncharted lands and hidden secrets.
Flames of the Lost;Olivia Anderson;1978;A tale of love across uncharted lands and hidden secrets.
Shadows Revealed;Alice Montgomery;1913;A thrilling journey across uncharted lands and hidden secrets.
Legacy in the Night;Emma Anderson;1922;An adventure unfolds across uncharted lands and hidden secrets.
Flames of the Lost;Emma Johnson;2017;An epic quest across uncharted lands and hidden secrets.
Whispers of the Past;Clara Taylor;1939;A story of mystery across uncharted lands and hidden secrets.
Horizons of the Past;Daniel Thompson;1957;A thrilling journey across uncharted lands and hidden secrets.
Legacy of Tomorrow;Michael Montgomery;1959;An epic quest across uncharted lands and hidden secrets.
Legacy of the Lost;Ethan Reed;2002;A thrilling journey across uncharted lands and hidden secrets.
Horizons in the Night;Michael Brown;2016;An adventure unfolds across uncharted lands and hidden secrets.
Flames Awakening;Michael Reed;1973;A tale of love across uncharted lands and hidden secrets.
Horizons Revealed;Daniel Brown;1970;A thrilling journey across uncharted lands and hidden secrets.
Flames Unbound;Alice Taylor;1990;A battle against fate across uncharted lands and hidden secrets.
Secrets of Tomorrow;Daniel Davis;1969;A thrilling journey across uncharted lands and hidden secrets.
Winds of the Lost;Clara Davis;2019;A story of mystery across uncharted lands and hidden secrets.
Whispers Beyond Time;Sophia Thompson;1952;A saga of heroes across uncharted lands and hidden secrets.
Echoes in the Night;James Brown;1973;A story of mystery across uncharted lands and hidden secrets.
Flames in the Night;John Smith;1988;A detective uncovers across uncharted lands and hidden secrets.
Shadows of the Past;Alice Wilson;1949;A story of mystery across uncharted lands and hidden secrets.
Flames of the Lost;Emma Taylor;2007;A story of mystery across uncharted lands and hidden secrets.
Shadows Awakening;Clara Smith;1989;A story of mystery across uncharted lands and hidden secrets.
Winds Beyond Time;Daniel Thompson;2012;An epic quest across uncharted lands and hidden secrets.
Legacy Beyond Time;Ethan Thompson;1930;An epic quest across uncharted lands and hidden secrets.
Flames of Tomorrow;Daniel Davis;2014;A detective uncovers across uncharted lands and hidden secrets.
Echoes Beyond Time;Sophia Brown;1950;A battle against fate across uncharted lands and hidden secrets.
Destiny of the Past;Ethan Thompson;1985;A detective uncovers across uncharted lands and hidden secrets.
Flames Beyond Time;Ethan Anderson;1925;An adventure unfolds across uncharted lands and hidden secrets.
Horizons of Tomorrow;Clara Wilson;1913;A detective uncovers across uncharted lands and hidden secrets.
Whispers Revealed;John Smith;1991;An epic quest across uncharted lands and hidden secrets.
Shadows of the Past;Ethan Smith;2025;A thrilling journey across uncharted lands and hidden secrets.
Winds of the Lost;Ethan Montgomery;1918;A story of mystery across uncharted lands and hidden secrets.
Secrets in the Night;James Davis;1909;A thrilling journey across uncharted lands and hidden secrets.
Whispers Unbound;James Brown;2025;A battle against fate across uncharted lands and hidden secrets.
Echoes Beyond Time;John Reed;1937;A saga of heroes across uncharted lands and hidden secrets.
Shadows in the Night;Daniel Wilson;1976;A tale of love across uncharted lands and hidden secrets.
Whispers Revealed;Michael Taylor;1956;A tale of love across uncharted lands and hidden secrets.
Shadows of Tomorrow;Alice Taylor;2015;A thrilling journey across uncharted lands and hidden secrets.
Shadows of the Past;Michael Brown;1909;An adventure unfolds across uncharted lands and hidden secrets.
Horizons in the Night;James Thompson;1922;A tale of love across uncharted lands and hidden secrets.
Legacy of the Lost;Michael Reed;2021;A detective uncovers across uncharted lands and hidden secrets.
Legacy in the Night;Alice Wilson;1988;An epic quest across uncharted lands and hidden secrets.
Journey Beyond Time;Alice Smith;2002;An adventure unfolds across uncharted lands and hidden secrets.
Destiny Revealed;James Montgomery;1951;A detective uncovers across uncharted lands and hidden secrets.
Destiny of the Past;James Brown;2012;A story of mystery across uncharted lands and hidden secrets.
Journey in the Night;John Brown;1970;An epic quest across uncharted lands and hidden secrets.
Winds of the Lost;James Wilson;2001;An adventure unfolds across uncharted lands and hidden secrets.
Flames in the Night;Ethan Brown;1969;An adventure unfolds across uncharted lands and hidden secrets.
Destiny of Tomorrow;Sophia Brown;2004;An epic quest across uncharted lands and hidden secrets.
Secrets Revealed;Ethan Wilson;1955;A thrilling journey across uncharted lands and hidden secrets.
Shadows Revealed;Emma Montgomery;1906;A detective uncovers across uncharted lands and hidden secrets.
Whispers Unbound;Emma Montgomery;2015;An epic quest across uncharted lands and hidden secrets.
Winds Beyond Time;Emma Johnson;1902;A story of mystery across uncharted lands and hidden secrets.
Shadows of the Past;Sophia Taylor;1937;A battle against fate across uncharted lands and hidden secrets.
Secrets of Tomorrow;John Wilson;1955;An adventure unfolds across uncharted lands and hidden secrets.
Legacy Revealed;Daniel Wilson;1948;A saga of heroes across uncharted lands and hidden secrets.
Horizons Beyond Time;Ethan Brown;1918;A story of mystery across uncharted lands and hidden secrets.
Legacy of the Past;Alice Montgomery;2010;An adventure unfolds across uncharted lands and hidden secrets.
Legacy of the Lost;Clara Smith;2023;A thrilling journey across uncharted lands and hidden secrets.
Shadows Beyond Time;Michael Smith;1907;A thrilling journey across uncharted lands and hidden secrets.
Destiny of Tomorrow;James Wilson;1990;A battle against fate across uncharted lands and hidden secrets.
Destiny Revealed;Alice Smith;1970;A saga of heroes across uncharted lands and hidden secrets.
Legacy of the Lost;James Taylor;2014;An epic quest across uncharted lands and hidden secrets.
Secrets Unbound;John Brown;1945;An adventure unfolds across uncharted lands and hidden secrets.
Destiny Beyond Time;Ethan Brown;1959;A battle against fate across uncharted lands and hidden secrets.
Journey Revealed;Sophia Smith;2016;A saga of heroes across uncharted lands and hidden secrets.
Journey of the Lost;Ethan Wilson;2003;A battle against fate across uncharted lands and hidden secrets.
Secrets in the Night;Emma Wilson;2009;A saga of heroes across uncharted lands and hidden secrets.
Legacy of the Past;James Anderson;1911;A thrilling journey across uncharted lands and hidden secrets.
Horizons of the Past;Sophia Thompson;1964;A tale of love across uncharted lands and hidden secrets.
Flames Awakening;James Brown;1941;An epic quest across uncharted lands and hidden secrets.
Destiny of the Lost;Clara Wilson;1988;A story of mystery across uncharted lands and hidden secrets.
Shadows Beyond Time;Daniel Wilson;1953;An epic quest across uncharted lands and hidden secrets.
Winds Beyond Time;Olivia Reed;1985;An epic quest across uncharted lands and hidden secrets.
Journey Beyond Time;Ethan Montgomery;1998;A story of mystery across uncharted lands and hidden secrets.
Whispers of the Lost;John Davis;1986;A thrilling journey across uncharted lands and hidden secrets.
Flames Unbound;Michael Montgomery;1948;A tale of love across uncharted lands and hidden secrets.
Destiny Awakening;Emma Thompson;1919;An epic quest across uncharted lands and hidden secrets.
Shadows Awakening;Emma Smith;1941;A battle against fate across uncharted lands and hidden secrets.
Echoes Awakening;Emma Thompson;1986;A story of mystery across uncharted lands and hidden secrets.
Secrets Awakening;John Smith;1995;An epic quest across uncharted lands and hidden secrets.
Shadows of the Lost;Daniel Thompson;2023;A detective uncovers across uncharted lands and hidden secrets.
Journey Awakening;Emma Reed;1987;A detective uncovers across uncharted lands and hidden secrets.
Horizons of the Lost;John Thompson;1987;A story of mystery across uncharted lands and hidden secrets.
Whispers Revealed;James Anderson;1926;A thrilling journey across uncharted lands and hidden secrets.
Destiny of the Lost;Michael Anderson;2008;A battle against fate across uncharted lands and hidden secrets.
Destiny of the Past;James Smith;1991;A detective uncovers across uncharted lands and hidden secrets.
Shadows Unbound;Daniel Wilson;1974;A saga of heroes across uncharted lands and hidden secrets.
Shadows Awakening;Daniel Brown;1948;A tale of love across uncharted lands and hidden secrets.
Winds Unbound;Ethan Brown;1925;A battle against fate across uncharted lands and hidden secrets.
Whispers Revealed;Emma Anderson;1987;An adventure unfolds across uncharted lands and hidden secrets.
Destiny of the Lost;Alice Reed;1990;A battle against fate across uncharted lands and hidden secrets.
Flames of the Past;Michael Taylor;1912;A thrilling journey across uncharted lands and hidden secrets.
Echoes Beyond Time;Daniel Wilson;1996;A tale of love across uncharted lands and hidden secrets.
Whispers Revealed;Clara Thompson;1961;An epic quest across uncharted lands and hidden secrets.
Echoes Unbound;Olivia Johnson;1968;A battle against fate across uncharted lands and hidden secrets.
Secrets of the Past;James Montgomery;1988;An epic quest across uncharted lands and hidden secrets.
Winds Unbound;Sophia Anderson;1960;An epic quest across uncharted lands and hidden secrets.
Secrets of Tomorrow;James Montgomery;1916;An epic quest across uncharted lands and hidden secrets.
Shadows of the Past;Sophia Davis;1932;A thrilling journey across uncharted lands and hidden secrets.
Horizons Revealed;John Thompson;1938;An epic quest across uncharted lands and hidden secrets.
Horizons Beyond Time;John Reed;1969;A tale of love across uncharted lands and hidden secrets.
Whispers of the Past;John Anderson;1916;A thrilling journey across uncharted lands and hidden secrets.
Whispers Revealed;Sophia Reed;1938;A saga of heroes across uncharted lands and hidden secrets.
Journey of the Past;John Reed;1975;An adventure unfolds across uncharted lands and hidden secrets.
Flames Awakening;Michael Davis;1981;An adventure unfolds across uncharted lands and hidden secrets.
Horizons Awakening;Michael Johnson;1910;An adventure unfolds across uncharted lands and hidden secrets.
Echoes Revealed;Emma Montgomery;1978;A tale of love across uncharted lands and hidden secrets.
Whispers Unbound;Sophia Smith;1978;A thrilling journey across uncharted lands and hidden secrets.
Flames Unbound;Alice Johnson;1963;An adventure unfolds across uncharted lands and hidden secrets.
Horizons of the Past;Sophia Thompson;1984;An adventure unfolds across uncharted lands and hidden secrets.
Horizons Beyond Time;Alice Montgomery;1981;An epic quest across uncharted lands and hidden secrets.
Destiny of the Lost;Sophia Brown;1984;An adventure unfolds across uncharted lands and hidden secrets.
Echoes Revealed;James Brown;2011;A battle against fate across uncharted lands and hidden secrets.
Journey of Tomorrow;Michael Thompson;1973;A battle against fate across uncharted lands and hidden secrets.
Flames Unbound;Emma Smith;2023;A detective uncovers across uncharted lands and hidden secrets.
Legacy Unbound;Emma Reed;1903;An adventure unfolds across uncharted lands and hidden secrets.
Horizons Revealed;Clara Johnson;1965;A saga of heroes across uncharted lands and hidden secrets.
Destiny Revealed;Emma Taylor;2002;A tale of love across uncharted lands and hidden secrets.
Winds Unbound;Michael Johnson;1958;A battle against fate across uncharted lands and hidden secrets.
Echoes Revealed;Clara Smith;1946;A tale of love across uncharted lands and hidden secrets.
Echoes of the Lost;Clara Brown;1965;A thrilling journey across uncharted lands and hidden secrets.
Horizons Unbound;Sophia Thompson;1959;A battle against fate across uncharted lands and hidden secrets.
Whispers Beyond Time;Michael Davis;1920;A saga of heroes across uncharted lands and hidden secrets.
Legacy of the Lost;Daniel Anderson;1999;A thrilling journey across uncharted lands and hidden secrets.
Secrets Revealed;Sophia Taylor;1973;A battle against fate across uncharted lands and hidden secrets.
Whispers Unbound;Olivia Taylor;1922;A detective uncovers across uncharted lands and hidden secrets.
Shadows Unbound;Emma Reed;1993;A thrilling journey across uncharted lands and hidden secrets.
Flames Beyond Time;John Reed;1968;A tale of love across uncharted lands and hidden secrets.
Legacy of Tomorrow;Clara Smith;2017;A saga of heroes across uncharted lands and hidden secrets.
Shadows of Tomorrow;Michael Montgomery;2024;A thrilling journey across uncharted lands and hidden secrets.
Flames of Tomorrow;James Anderson;1951;An adventure unfolds across uncharted lands and hidden secrets.
Winds Revealed;Daniel Johnson;1956;A tale of love across uncharted lands and hidden secrets.
Journey Beyond Time;James Montgomery;1998;A tale of love across uncharted lands and hidden secrets.
Secrets of the Lost;Alice Smith;1921;A battle against fate across uncharted lands and hidden secrets.
Horizons Unbound;Michael Thompson;1955;A story of mystery across uncharted lands and hidden secrets.
Secrets Awakening;Daniel Montgomery;1973;A battle against fate across uncharted lands and hidden secrets.
Secrets Unbound;Clara Brown;2007;An adventure unfolds across uncharted lands and hidden secrets.
Whispers of the Lost;Sophia Smith;2014;A saga of heroes across uncharted lands and hidden secrets.
Journey of the Past;James Brown;1931;An adventure unfolds across uncharted lands and hidden secrets.
Whispers of the Lost;Alice Montgomery;1905;An epic quest across uncharted lands and hidden secrets.
Legacy Awakening;Olivia Montgomery;1987;A detective uncovers across uncharted lands and hidden secrets.
Journey Beyond Time;John Anderson;1969;An adventure unfolds across uncharted lands and hidden secrets.
Echoes in the Night;John Thompson;2021;An epic quest across uncharted lands and hidden secrets.
Flames Beyond Time;Ethan Reed;1953;A battle against fate across uncharted lands and hidden secrets.
Winds of Tomorrow;Sophia Anderson;1975;A saga of heroes across uncharted lands and hidden secrets.
Whispers Revealed;Ethan Montgomery;1960;A tale of love across uncharted lands and hidden secrets.
Shadows of the Past;John Smith;1948;A battle against fate across uncharted lands and hidden secrets.
Flames of Tomorrow;James Anderson;1988;An epic quest across uncharted lands and hidden secrets.
Secrets of the Lost;John Wilson;2018;An epic quest across uncharted lands and hidden secrets.
Journey of Tomorrow;Michael Thompson;1991;A battle against fate across uncharted lands and hidden secrets.
Flames of the Past;John Montgomery;2019;A thrilling journey across uncharted lands and hidden secrets.
Echoes Beyond Time;Emma Taylor;1929;A story of mystery across uncharted lands and hidden secrets.
Horizons of the Past;Emma Davis;2014;A tale of love across uncharted lands and hidden secrets.
Destiny of Tomorrow;Sophia Reed;1993;A battle against fate across uncharted lands and hidden secrets.
Destiny Awakening;Alice Anderson;1934;An epic quest across uncharted lands and hidden secrets.
Shadows of the Past;Sophia Davis;1922;A tale of love across uncharted lands and hidden secrets.
Destiny of Tomorrow;Alice Brown;1976;A thrilling journey across uncharted lands and hidden secrets.
Horizons Beyond Time;Emma Smith;1968;A story of mystery across uncharted lands and hidden secrets.
Secrets of the Lost;Olivia Davis;2022;A detective uncovers across uncharted lands and hidden secrets.
Legacy of Tomorrow;Alice Johnson;1904;A saga of heroes across uncharted lands and hidden secrets.
Winds Beyond Time;Sophia Brown;1901;A battle against fate across uncharted lands and hidden secrets.
Winds Awakening;Sophia Johnson;1979;A saga of heroes across uncharted lands and hidden secrets.
Winds Awakening;Ethan Wilson;1959;An adventure unfolds across uncharted lands and hidden secrets.
Legacy Awakening;John Taylor;1937;A detective uncovers across uncharted lands and hidden secrets.
Shadows of the Lost;Sophia Thompson;1937;An adventure unfolds across uncharted lands and hidden secrets.
Winds in the Night;John Montgomery;1975;A thrilling journey across uncharted lands and hidden secrets.
Legacy Revealed;Daniel Thompson;2012;An adventure unfolds across uncharted lands and hidden secrets.
Winds Beyond Time;Emma Thompson;1911;An epic quest across uncharted lands and hidden secrets.
Horizons Awakening;Sophia Anderson;1982;A thrilling journey across uncharted lands and hidden secrets.
Winds Unbound;James Wilson;1968;A story of mystery across uncharted lands and hidden secrets.
Shadows of the Past;Sophia Wilson;1992;A thrilling journey across uncharted lands and hidden secrets.
Secrets in the Night;John Taylor;1961;A detective uncovers across uncharted lands and hidden secrets.
Flames Unbound;Daniel Montgomery;1929;An adventure unfolds across uncharted lands and hidden secrets.
Whispers Awakening;Olivia Brown;1979;A tale of love across uncharted lands and hidden secrets.
Destiny of Tomorrow;Clara Wilson;1970;A detective uncovers across uncharted lands and hidden secrets.
Shadows Beyond Time;Alice Smith;2015;A thrilling journey across uncharted lands and hidden secrets.
Whispers Beyond Time;Alice Wilson;1962;A detective uncovers across uncharted lands and hidden secrets.
Flames Awakening;Clara Smith;1970;A thrilling journey across uncharted lands and hidden secrets.
Winds of the Lost;Sophia Brown;2019;A battle against fate across uncharted lands and hidden secrets.
Horizons of the Past;Emma Johnson;1979;A story of mystery across uncharted lands and hidden secrets.
Secrets Revealed;James Reed;1992;A thrilling journey across uncharted lands and hidden secrets.
Whispers Unbound;Clara Smith;2016;A saga of heroes across uncharted lands and hidden secrets.
Horizons of the Past;James Reed;1948;A thrilling journey across uncharted lands and hidden secrets.
Whispers Revealed;Clara Thompson;1986;A thrilling journey across uncharted lands and hidden secrets.
Shadows of the Past;Ethan Smith;1983;An epic quest across uncharted lands and hidden secrets.
Shadows Awakening;Daniel Johnson;1991;A saga of heroes across uncharted lands and hidden secrets.
Destiny of the Lost;Daniel Brown;2019;A saga of heroes across uncharted lands and hidden secrets.
Secrets of the Lost;Daniel Johnson;1963;A thrilling journey across uncharted lands and hidden secrets.
Echoes of Tomorrow;Olivia Davis;1934;A tale of love across uncharted lands and hidden secrets.
Winds in the Night;John Reed;1945;A thrilling journey across uncharted lands and hidden secrets.
Whispers of the Lost;Clara Taylor;1936;An adventure unfolds across uncharted lands and hidden secrets.
Flames Unbound;Clara Johnson;2007;A thrilling journey across uncharted lands and hidden secrets.
Winds of the Lost;Clara Brown;1920;An epic quest across uncharted lands and hidden secrets.
Legacy Revealed;Alice Montgomery;1972;A story of mystery across uncharted lands and hidden secrets.
Journey Revealed;John Anderson;1941;An adventure unfolds across uncharted lands and hidden secrets.
Horizons of the Lost;Olivia Davis;1999;An epic quest across uncharted lands and hidden secrets.
Secrets of the Past;Clara Montgomery;2013;An epic quest across uncharted lands and hidden secrets.
Echoes Awakening;Ethan Smith;2019;A saga of heroes across uncharted lands and hidden secrets.
Destiny Awakening;Ethan Taylor;1983;A saga of heroes across uncharted lands and hidden secrets.
Flames Unbound;John Montgomery;1941;A battle against fate across uncharted lands and hidden secrets.
Shadows of Tomorrow;Ethan Brown;1919;A thrilling journey across uncharted lands and hidden secrets.
Whispers of the Past;James Johnson;1927;A detective uncovers across uncharted lands and hidden secrets.
Whispers of the Past;Alice Thompson;1949;A detective uncovers across uncharted lands and hidden secrets.
Shadows of the Past;James Montgomery;1933;A tale of love across uncharted lands and hidden secrets.
Horizons in the Night;Olivia Thompson;1954;A thrilling journey across uncharted lands and hidden secrets.
Destiny in the Night;Ethan Davis;1946;A detective uncovers across uncharted lands and hidden secrets.
Winds of Tomorrow;Emma Davis;2013;A detective uncovers across uncharted lands and hidden secrets.
Legacy in the Night;Clara Smith;1978;A tale of love across uncharted lands and hidden secrets.
Echoes in the Night;Emma Anderson;1908;A battle against fate across uncharted lands and hidden secrets.
Echoes of the Past;Alice Thompson;1951;A thrilling journey across uncharted lands and hidden secrets.
Whispers in the Night;Sophia Davis;1941;A tale of love across uncharted lands and hidden secrets.
Flames in the Night;Daniel Anderson;1936;A battle against fate across uncharted lands and hidden secrets.
Horizons in the Night;Sophia Davis;1939;An adventure unfolds across uncharted lands and hidden secrets.
Shadows of the Past;Emma Wilson;2008;A detective uncovers across uncharted lands and hidden secrets.
Flames of the Lost;Daniel Reed;1942;A tale of love across uncharted lands and hidden secrets.
Shadows of Tomorrow;John Smith;1925;A detective uncovers across uncharted lands and hidden secrets.
Legacy of Tomorrow;Emma Reed;2012;An adventure unfolds across uncharted lands and hidden secrets.
Horizons Unbound;Clara Taylor;1926;An adventure unfolds across uncharted lands and hidden secrets.
Winds Awakening;Clara Taylor;1969;A story of mystery across uncharted lands and hidden secrets.
Legacy of the Past;Ethan Brown;1955;An adventure unfolds across uncharted lands and hidden secrets.
Journey Unbound;James Smith;2011;An epic quest across uncharted lands and hidden secrets.
Secrets Unbound;John Thompson;1931;An adventure unfolds across uncharted lands and hidden secrets.
Journey Awakening;Sophia Montgomery;1959;A story of mystery across uncharted lands and hidden secrets.
Shadows Awakening;Ethan Brown;1987;A battle against fate across uncharted lands and hidden secrets.
Journey Revealed;Michael Davis;1999;A tale of love across uncharted lands and hidden secrets.
Echoes of Tomorrow;Sophia Taylor;2016;A detective uncovers across uncharted lands and hidden secrets.
Horizons Beyond Time;Daniel Reed;1936;A saga of heroes across uncharted lands and hidden secrets.
Secrets Awakening;John Davis;2008;A saga of heroes across uncharted lands and hidden secrets.
Shadows of the Lost;Clara Wilson;1977;A battle against fate across uncharted lands and hidden secrets.
Legacy of the Lost;John Smith;1942;A story of mystery across uncharted lands and hidden secrets.
Shadows Revealed;Clara Johnson;1997;A story of mystery across uncharted lands and hidden secrets.
Echoes Awakening;Clara Davis;1971;A battle against fate across uncharted lands and hidden secrets.
Echoes of the Lost;Alice Thompson;1981;A tale of love across uncharted lands and hidden secrets.
Journey Revealed;John Davis;1998;A detective uncovers across uncharted lands and hidden secrets.
Winds Beyond Time;Emma Brown;1965;A thrilling journey across uncharted lands and hidden secrets.
Secrets Awakening;Emma Montgomery;1942;A thrilling journey across uncharted lands and hidden secrets.
Horizons in the Night;Emma Anderson;1982;An adventure unfolds across uncharted lands and hidden secrets.
Shadows Awakening;Clara Wilson;2019;A detective uncovers across uncharted lands and hidden secrets.
Legacy Beyond Time;Emma Johnson;1979;A story of mystery across uncharted lands and hidden secrets.